length;mse;model
1;8.64550366219689e+73;(1.3441931009 * X2)
19;inf;(((-0.2488151491) + ((((((0.1020398438 * X1) * (1.7166023254 * X1)) + ((0.5473098755 * X2) ^ 1.1479361057)) + ((-0.0189942438) * X1)) ^ exp(((-0.2489020824) * X2))) * exp((0.1399796456 * X2)))) * 2.2636067867)
18;nan;(((-0.7713279724) + (((((((-0.2400801629) * X1) * ((-0.6180288196) * X1)) + (0.3973407447 * X2)) + ((-0.0161875822) * X1)) ^ exp(((-0.2354398370) * X2))) * exp(exp((0.0586685129 * X2))))) + (0.3673308790 * X2))
17;inf;(((-0.2291385084) + ((((((0.0896003321 * X1) * (1.4416373968 * X1)) + (0.3823102713 * X2)) + ((-0.0141435992) * X1)) ^ exp(((-0.2787972689) * X2))) * exp((0.1183817014 * X2)))) * 3.0504574776)
8;inf;((((2.6552436352 * X1) * (0.1557947844 * X1)) * exp(((-0.2656055987) * X2))) + (1.1579173803 * X2))
6;inf;log(abs((((1.9635996819 * X1) * (4.5071253777 * X1)) + (34.5294418335 * X2))))
4;inf;(log(abs(((-7.5497078896) * X1))) + (0.8020051718 * X2))
3;2.290425331727086;((4.8027577400 * X2) ^ 0.5951720476)
15;nan;((-0.2514906228) * ((((((1.8607141972 * X1) * (0.0738132000 * X1)) + (0.4251071513 * X2)) + ((-0.0150047084) * X1)) ^ exp(((-0.2725436091) * X2))) * exp((0.1241745949 * X2))))
14;inf;(((0.8292188048 * X2) + (-0.8792264462)) + (((((4.4072527885 * X1) * (0.0937289074 * X1)) + ((-0.0439915806) * X1)) + (1.1622881889 * X2)) ^ exp(((-0.1263804734) * X2))))
9;nan;((((4.4557456970 * X1) * (0.0701707080 * X1)) * exp(((-0.3426546454) * X2))) + sqrt((7.8712048531 * X2)))
5;inf;(((3.7033092976 * X1) * (0.0572309531 * X1)) + (0.9301556349 * X2))
2;nan;sqrt((0.6141098738 * X2))
12;inf;((((((2.6552436352 * X1) * (0.1555672735 * X1)) + (1.1606996059 * X2)) ^ exp(((-0.1264823973) * X2))) + (0.8288236856 * X2)) + (-0.8822721839))
10;inf;((((((-0.0096498998) * X1) * ((-37.9011573792) * X1)) + (0.7071067691 * X2)) ^ exp(((-0.1264823973) * X2))) + (0.7611940503 * X2))
20;inf;((((-0.4707631767) + ((((((0.0825628266 * X1) * (1.4416373968 * X1)) + (0.4647643268 * X2)) + ((-0.0128559005) * X1)) ^ exp(((-0.2651897967) * X2))) * exp((0.1159571782 * X2)))) * 3.2791142464) + exp(((-0.7710685730) * X2)))
1;3.7483741769083977e+73;(0.8849584460 * X2)
19;inf;(((-0.2484890521) + ((((((0.1045612991 * X1) * (1.6676638126 * X1)) + ((0.5469400883 * X2) ^ 1.1496925354)) + ((-0.0189040396) * X1)) ^ exp(((-0.2484784275) * X2))) * exp((0.1401076615 * X2)))) * 2.2511568069)
18;nan;(((-0.7713279724) + (((((((-0.2403300703) * X1) * ((-0.6180288196) * X1)) + (0.3977007270 * X2)) + ((-0.0162043050) * X1)) ^ exp(((-0.2353083938) * X2))) * exp(exp((0.0586331449 * X2))))) + (0.3673308790 * X2))
17;inf;(((-0.2287095338) + ((((((1.7814855576 * X1) * (0.0724379420 * X1)) + (0.3816504478 * X2)) + ((-0.0141282510) * X1)) ^ exp(((-0.2788367569) * X2))) * exp((0.1183171570 * X2)))) * 3.0519330502)
2;nan;sqrt((13.5544357300 * X2))
9;inf;(((((-0.0058122952) * X1) * ((-50.2934455872) * X1)) * exp(((-0.3359932005) * X2))) + sqrt((6.2326984406 * X2)))
8;inf;((((2.5741376877 * X1) * (0.1608899236 * X1)) * exp(((-0.2593495548) * X2))) + (1.1579173803 * X2))
5;inf;((((-0.0053803921) * X1) * ((-37.5862922668) * X1)) + (0.8893810511 * X2))
4;inf;(log(abs(((-8.4818820953) * X1))) + (0.7917124033 * X2))
15;inf;((-0.2514906228) * ((((((1.8607141972 * X1) * (0.0738132000 * X1)) + (0.4251071513 * X2)) + ((-0.0150047084) * X1)) ^ exp(((-0.2715805173) * X2))) * exp((0.1241745949 * X2))))
14;nan;(((0.8292663097 * X2) + (-0.8800572157)) + ((((((-0.0140253566) * X1) * ((-29.4515762329) * X1)) + ((-0.0439435020) * X1)) + (1.1645883322 * X2)) ^ exp(((-0.1263796091) * X2))))
10;inf;((((((-0.0096498998) * X1) * ((-37.9011573792) * X1)) + (0.7071067691 * X2)) ^ exp(((-0.1262806505) * X2))) + (0.7611940503 * X2))
6;inf;log(abs((((1.7105311155 * X1) * (5.5557599068 * X1)) + (36.6115608215 * X2))))
3;2.27115065359094;((5.0541720390 * X2) ^ 0.5805260539)
13;nan;((((((2.6552436352 * X1) * (0.1555672735 * X1)) + (1.1606996059 * X2)) ^ exp(((-0.1264823973) * X2))) + (0.8288236856 * X2)) * log(abs(0.4158256948)))
12;inf;((((((2.5460271835 * X1) * (0.1622206718 * X1)) + (1.1606996059 * X2)) ^ exp(((-0.1264823973) * X2))) + (0.8288236856 * X2)) + (-0.8822721839))
20;nan;(((-1.2665054798) + ((((((((-0.0037824807) * X1) * ((-38.2188339233) * X1)) + (0.4080800116 * X2)) + ((-0.0189279821) * X1)) ^ exp(((-0.2441780269) * X2))) + exp((0.0013309246 * X1))) * exp((0.0819082335 * X2)))) * 2.7590715885)
1;4.500671768263327;(1.1914896965 * X2)
19;nan;(((-0.7715002894) + (((((((-0.0077815242) * X1) * ((-51.5665626526) * X1)) + (1.0539654493 * X2)) + ((-0.0437524505) * X1)) ^ exp(((-0.2312918156) * X2))) * (exp((0.1173575744 * X2)) + (0.1788431704 * X2)))) + (0.4039806724 * X2))
18;nan;(((-0.7713279724) + (((((((-0.2400801629) * X1) * ((-0.6180288196) * X1)) + (0.3973407447 * X2)) + ((-0.0161875822) * X1)) ^ exp(((-0.2326455116) * X2))) * exp(exp((0.0586685129 * X2))))) + (0.3673308790 * X2))
17;nan;(((-0.2294493914) + ((((((0.1120445505 * X1) * (1.1523921490 * X1)) + (0.3825093806 * X2)) + ((-0.0141252186) * X1)) ^ exp(((-0.2787972689) * X2))) * exp((0.1184000745 * X2)))) * 3.0462181568)
3;2.251758498026844;((5.2361707687 * X2) ^ 0.5739286542)
10;inf;((((((-0.0096498998) * X1) * ((-37.9011573792) * X1)) + (0.7071067691 * X2)) ^ exp(((-0.1249003112) * X2))) + (0.7611940503 * X2))
9;inf;(((((-0.0058122952) * X1) * ((-50.2934455872) * X1)) * exp(((-0.3356759846) * X2))) + sqrt((6.2326984406 * X2)))
6;inf;log(abs((((1.5400243998 * X1) * (5.8656582832 * X1)) + (34.5294418335 * X2))))
5;inf;(((3.7033092976 * X1) * (0.0572309531 * X1)) + (0.9227712154 * X2))
16;nan;(((((((1.8607141972 * X1) * (0.0738132000 * X1)) + (0.4251071513 * X2)) + ((-0.0150047084) * X1)) ^ exp(((-0.2715805173) * X2))) * exp((0.1241745949 * X2))) * log(abs(0.4158256948)))
15;inf;((-0.2514906228) * ((((((1.8607141972 * X1) * (0.0738132000 * X1)) + (0.4251071513 * X2)) + ((-0.0141435992) * X1)) ^ exp(((-0.2715805173) * X2))) * exp((0.1241745949 * X2))))
12;nan;(((0.8292571902 * X2) + (-0.8801762462)) + ((((2.6552436352 * X1) * (0.1557947844 * X1)) + (1.1645971537 * X2)) ^ exp(((-0.1263804734) * X2))))
8;inf;((((2.6552436352 * X1) * (0.1557947844 * X1)) * exp(((-0.2725436091) * X2))) + (1.1579173803 * X2))
4;inf;(log(abs((12.6498889923 * X1))) + (0.8247305155 * X2))
14;nan;((((((((-0.0140253566) * X1) * ((-29.4515762329) * X1)) + ((-0.0439435020) * X1)) + (1.1632953882 * X2)) ^ exp(((-0.1262714714) * X2))) + (0.8288236856 * X2)) + (-0.8822721839))
13;nan;((((((2.5460271835 * X1) * (0.1622206718 * X1)) + (1.1606996059 * X2)) ^ exp(((-0.1264823973) * X2))) + (0.8288236856 * X2)) * log(abs(0.4158256948)))
20;inf;(((-0.2350695133) + (((((((3.5051095486 * X1) * (0.0387683101 * X1)) * exp(((-0.0320020765) * X2))) + (0.4145725667 * X2)) + ((-0.0138543965) * X1)) ^ exp(((-0.2545069158) * X2))) * exp((0.1183845401 * X2)))) * 2.9267535210)
1;4.475780204833601e+72;(0.3057975769 * X1)
19;nan;(((-0.3301007748) + (((((((-0.0088742003) * X1) * ((-19.8847084045) * X1)) + (0.5477563739 * X2)) + ((-0.0193309356) * X1)) ^ exp(((-0.2667026222) * X2))) * exp((0.2210862488 * X2)))) * (((-0.1338430345) * X2) + 2.2734394073))
18;nan;(((-0.7565377355) + (((((((-0.0122631676) * X1) * ((-48.5709495544) * X1)) + (1.3599040508 * X2)) + ((-0.0646377578) * X1)) ^ exp(((-0.2062847018) * X2))) * (0.6709119081 + (0.2184122801 * X2)))) + (0.6140739322 * X2))
17;inf;(((-0.2337648124) + ((((((0.1058063805 * X1) * (1.2332706451 * X1)) + (0.3890962303 * X2)) + ((-0.0142369978) * X1)) ^ exp(((-0.2777215838) * X2))) * exp((0.1192830503 * X2)))) * 3.0202383995)
2;inf;log(abs((88.7080764771 * X2)))
3;2.3516677233540233;((5.0345816612 * X2) ^ 0.5699662566)
10;inf;((((((-0.0096498998) * X1) * ((-37.9011573792) * X1)) + (0.7071067691 * X2)) ^ exp(((-0.1262806505) * X2))) + (0.7674436569 * X2))
9;inf;((((4.4557456970 * X1) * (0.0701707080 * X1)) * exp(((-0.3471885324) * X2))) + sqrt((7.8712048531 * X2)))
6;inf;log(abs((((1.5400243998 * X1) * (5.8656582832 * X1)) + (34.4458770752 * X2))))
5;inf;((((-2.1148412228) * X1) * ((-0.0964227021) * X1)) + (0.8826169372 * X2))
16;nan;(((((((1.8607141972 * X1) * (0.0738132000 * X1)) + (0.4251071513 * X2)) + ((-0.0141435992) * X1)) ^ exp(((-0.2715805173) * X2))) * exp((0.1241745949 * X2))) * log(abs(0.4158256948)))
15;nan;(((0.3509498835 * X2) + ((((((-0.0056625190) * X1) * ((-34.5855598450) * X1)) + (0.4575761855 * X2)) + ((-0.0211199503) * X1)) ^ exp(((-0.1750766784) * X2)))) * log(abs(0.4158256948)))
12;nan;((((((2.6552436352 * X1) * (0.1557947844 * X1)) + (1.1645971537 * X2)) ^ exp(((-0.1263804734) * X2))) + (0.8296596408 * X2)) + (-0.8822721839))
8;inf;((((3.9312982559 * X1) * (0.1050748155 * X1)) * exp(((-0.2725436091) * X2))) + (1.1579173803 * X2))
4;inf;(log(abs((12.6498889923 * X1))) + (0.7812397480 * X2))
14;inf;(((0.8292188048 * X2) + (-0.8792264462)) + (((((4.4072527885 * X1) * (0.0937289074 * X1)) + ((-0.0439915806) * X1)) + (1.1622881889 * X2)) ^ exp(((-0.1262511313) * X2))))
13;nan;((((((2.6552436352 * X1) * (0.1555672735 * X1)) + (1.1606996059 * X2)) ^ exp(((-0.1264823973) * X2))) + (0.8291514516 * X2)) + log(abs(0.4148054719)))
20;nan;((log(abs(0.4623140693)) + (((((((-0.0077815298) * X1) * ((-51.5665626526) * X1)) + (1.0539884567 * X2)) + ((-0.0437524430) * X1)) ^ exp(((-0.2312921435) * X2))) * (exp((0.1173637286 * X2)) + (0.1788382232 * X2)))) + (0.4039667845 * X2))
1;4.239784252162649;4.7343592644
19;nan;(((-0.3221312463) + (((((((-0.2377632558) * X1) * ((-0.7273356915) * X1)) + (0.5338566899 * X2)) + ((-0.0189418141) * X1)) ^ exp(((-0.2675908208) * X2))) * exp((0.2172153145 * X2)))) * (((-0.1337255836) * X2) + 2.3168406487))
18;nan;(((-0.7562456727) + (((((((-0.0123084262) * X1) * ((-47.5108718872) * X1)) + (1.3358719349 * X2)) + ((-0.0634705052) * X1)) ^ exp(((-0.2070211023) * X2))) * ((0.2207655460 * X2) + 0.6834504604))) + (0.6105742455 * X2))
17;inf;(((-0.2361470312) + ((((((0.0990783125 * X1) * (1.3316384554 * X1)) + (0.3950251043 * X2)) + ((-0.0143003110) * X1)) ^ exp(((-0.2764954567) * X2))) * exp((0.1202840433 * X2)))) * 2.9876635075)
2;inf;log(abs((88.7094497681 * X2)))
3;2.5034407047793006;((4.9511680603 * X2) ^ 0.5617383718)
10;inf;((((((-0.0096498998) * X1) * ((-37.9011573792) * X1)) + (0.7071067691 * X2)) ^ exp(((-0.1263796091) * X2))) + (0.7703855038 * X2))
9;inf;((((4.4557456970 * X1) * (0.0701707080 * X1)) * exp(((-0.3407581151) * X2))) + sqrt((6.9957585335 * X2)))
6;inf;log(abs((((1.9945907593 * X1) * (4.6931281090 * X1)) + (37.1593093872 * X2))))
5;inf;((0.9094204903 * X2) + (((-0.0070486334) * X1) * ((-28.9302864075) * X1)))
16;nan;(((0.1717894673 * X2) ^ ((4.1967525482 * X2) ^ 0.0678163394)) + (((((1.9423967600 * X1) * (0.0622628853 * X1)) + (0.3106453121 * X2)) + ((-0.0130681926) * X1)) ^ exp(((-0.2094407976) * X2))))
15;nan;((((((((-0.0140253566) * X1) * ((-29.4515762329) * X1)) + ((-0.0439435020) * X1)) + (1.1645883322 * X2)) ^ exp(((-0.1263804734) * X2))) + (0.8288236856 * X2)) * log(abs(0.4158256948)))
12;nan;(((0.8289602399 * X2) + (-0.8795073032)) + ((((2.6552436352 * X1) * (0.1557947844 * X1)) + (1.1645971537 * X2)) ^ exp(((-0.1263804734) * X2))))
8;inf;(((((-0.0140253566) * X1) * ((-29.4515762329) * X1)) * exp(((-0.2725436091) * X2))) + (1.1238536835 * X2))
4;inf;(log(abs(((-4.1705036163) * X1))) + (0.7792096138 * X2))
14;nan;(((((((0.4700511694 * X1) * (0.8788001537 * X1)) + (1.1632808447 * X2)) + ((-0.0440142192) * X1)) ^ exp(((-0.1262719631) * X2))) + (0.8296596408 * X2)) + (-0.8822721839))
13;nan;(log(abs(0.4138478935)) + (((((1.4426950216 * X1) * (0.2867350876 * X1)) + (1.1645883322 * X2)) ^ exp(((-0.1263796091) * X2))) + (0.8296557665 * X2)))
20;nan;((log(abs(0.7187896967)) + (((((((-0.0088757221) * X1) * ((-19.8847084045) * X1)) + (0.5478835106 * X2)) + ((-0.0193333589) * X1)) ^ exp(((-0.2666915655) * X2))) * exp((0.2211136371 * X2)))) * (((-0.1338355690) * X2) + 2.2730617523))
1;3.6396045881297594;5.7236595154
19;inf;(((-0.3043845296) + ((((((0.2472857982 * X1) * (0.6668021083 * X1)) + (0.5033401251 * X2)) + ((-0.0180615038) * X1)) ^ exp(((-0.2695392072) * X2))) * exp((0.2071786374 * X2)))) * (((-0.1316326857) * X2) + 2.4242467880))
18;nan;(((-0.7561292648) + ((((((1.9818053246 * X1) * (0.2919962704 * X1)) + (1.3225997686 * X2)) + ((-0.0628175363) * X1)) ^ exp(((-0.2074130476) * X2))) * (0.6909233928 + (0.2220273018 * X2)))) + (0.6086237431 * X2))
17;inf;(((-0.2337648124) + ((((((0.1058063805 * X1) * (1.2332706451 * X1)) + (0.3890962303 * X2)) + ((-0.0142369978) * X1)) ^ exp(((-0.2763275504) * X2))) * exp((0.1192830503 * X2)))) * 3.0202383995)
2;inf;log(abs((88.7089843750 * X2)))
3;2.5160541647360515;((3.7629599571 * X2) ^ 0.6313761473)
10;inf;((((((-0.0096498998) * X1) * ((-37.9011573792) * X1)) + (0.7071067691 * X2)) ^ exp(((-0.1238009185) * X2))) + (0.7674436569 * X2))
9;inf;((((0.2293935418 * X1) * (1.1306450367 * X1)) * exp(((-0.2889309525) * X2))) + sqrt((6.2326984406 * X2)))
6;inf;log(abs((((1.5400243998 * X1) * (5.8656582832 * X1)) + (35.9728355408 * X2))))
5;inf;(((2.5460271835 * X1) * (0.0704310462 * X1)) + (0.8020051718 * X2))
16;nan;(((((((0.1121337563 * X1) * (1.2974212170 * X1)) + (0.4682447612 * X2)) + ((-0.0158827640) * X1)) ^ exp(((-0.2656055987) * X2))) * exp((0.1294449568 * X2))) * log(abs(0.4158256948)))
15;nan;((((((((-0.0109901940) * X1) * ((-37.5862922668) * X1)) + (1.1633005142 * X2)) + ((-0.0440151840) * X1)) ^ exp(((-0.1263804734) * X2))) + (0.8292583227 * X2)) + log(abs(0.4147703350)))
12;nan;(((0.8291350007 * X2) + (-0.8800004125)) + ((((2.6552436352 * X1) * (0.1555672735 * X1)) + (1.1606996059 * X2)) ^ exp(((-0.1263796091) * X2))))
8;inf;(((((-0.0140253566) * X1) * ((-29.4515762329) * X1)) * exp(((-0.2679134011) * X2))) + (1.1238536835 * X2))
4;inf;(log(abs(((-7.5497078896) * X1))) + (0.8392431140 * X2))
14;inf;(((0.8292188048 * X2) + (-0.8792264462)) + (((((4.4072527885 * X1) * (0.0937289074 * X1)) + ((-0.0439915806) * X1)) + (1.1622881889 * X2)) ^ exp(((-0.1261365265) * X2))))
13;nan;((((((3.9312982559 * X1) * (0.1050748155 * X1)) + (1.1632953882 * X2)) ^ exp(((-0.1264788657) * X2))) + (0.8292583227 * X2)) + log(abs(0.4147703350)))
20;nan;(((-0.7715976238) + (((((((-0.0041651567) * X1) * ((-34.4231071472) * X1)) + (0.3843682110 * X2)) + ((-0.0156428553) * X1)) ^ exp(((-0.2354761958) * X2))) * (exp((0.1439390332 * X2)) + exp(0.5947070718)))) + (0.3663296103 * X2))
1;5.581204857275878;6.9388303757
19;nan;(((-0.3466298282) + (((((((-0.0090626907) * X1) * ((-20.3068580627) * X1)) + (0.5766779184 * X2)) + ((-0.0201088600) * X1)) ^ exp(((-0.2641851306) * X2))) * exp((0.2292779684 * X2)))) * (((-0.1332840174) * X2) + 2.1795394421))
18;nan;(((-0.7563935518) + ((((((2.7718851566 * X1) * (0.2117785960 * X1)) + (1.3408374786 * X2)) + ((-0.0637033284) * X1)) ^ exp(((-0.2068343163) * X2))) * ((0.2201861888 * X2) + 0.6805432439))) + (0.6113998890 * X2))
17;inf;(((-0.2347148657) + ((((((1.7500783205 * X1) * (0.0755811259 * X1)) + (0.3953198493 * X2)) + ((-0.0143096372) * X1)) ^ exp(((-0.2760373056) * X2))) * exp((0.1208073422 * X2)))) * 2.9703521729)
3;nan;((3.7842831612 * X2) ^ 0.6357811093)
4;inf;(log(abs((12.6498889923 * X1))) + (0.7711994648 * X2))
2;inf;log(abs(((-88.6790618896) * X2)))
11;inf;(((((2.5741376877 * X1) * (0.1632405519 * X1)) * exp(((-0.3396377861) * X2))) + sqrt((13.5543375015 * X2))) + (-2.3872132301))
10;inf;(((((0.1729944944 * X1) * (2.0994572639 * X1)) + (0.7071067691 * X2)) ^ exp(((-0.1263796091) * X2))) + (0.7703855038 * X2))
8;inf;((((2.6552436352 * X1) * (0.1557947844 * X1)) * exp(((-0.2545078099) * X2))) + (1.1579173803 * X2))
6;inf;log(abs((((1.5400243998 * X1) * (5.8656582832 * X1)) + (36.2153663635 * X2))))
16;inf;(((0.8392431140 * X2) + (-1.0247366428)) + (((exp((log(abs((0.6921457648 * X1))) * 1.8749878407)) + ((-0.0439453125) * X1)) + (1.2040598392 * X2)) ^ exp(((-0.1247132123) * X2))))
15;nan;((((((((-0.0140253566) * X1) * ((-29.4515762329) * X1)) + ((-0.0439435020) * X1)) + (1.1645883322 * X2)) ^ exp(((-0.1263796091) * X2))) + (0.8292583227 * X2)) + log(abs(0.4147703350)))
12;nan;(((((((-0.0140253566) * X1) * ((-29.4515762329) * X1)) + (1.1606981754 * X2)) ^ exp(((-0.1262714714) * X2))) + (0.8288236856 * X2)) + (-0.8822721839))
9;nan;(sqrt((6.2326984406 * X2)) + (((1.5400243998 * X1) * (0.1684971005 * X1)) * exp(((-0.2883081734) * X2))))
5;inf;((((-0.0053803921) * X1) * ((-37.9011573792) * X1)) + (0.9143790007 * X2))
14;nan;(((0.8292188048 * X2) + (-0.8792264462)) + (((((2.3587484360 * X1) * (0.1756648123 * X1)) + ((-0.0439915806) * X1)) + (1.1622881889 * X2)) ^ exp(((-0.1263804734) * X2))))
13;inf;((((((2.6552436352 * X1) * (0.1557947844 * X1)) + (1.1645971537 * X2)) ^ exp(((-0.1263804734) * X2))) + (0.8288236856 * X2)) * log(abs(0.4158256948)))
20;nan;((((-0.7722038627) + (((((((-0.2403300703) * X1) * ((-0.6180288196) * X1)) + (0.3977007270 * X2)) + ((-0.0162043050) * X1)) ^ exp(((-0.2353083938) * X2))) * exp(exp((0.0586331449 * X2))))) * 0.9990066886) + (0.3681209385 * X2))
1;4.166764958406177;6.2831854820
19;nan;(((-0.2936314046) + ((((((0.2357276827 * X1) * (0.6750187874 * X1)) + (0.4864770174 * X2)) + ((-0.0174203217) * X1)) ^ exp(((-0.2695775330) * X2))) * exp((0.1961327642 * X2)))) * (((-0.1239018291) * X2) + 2.5062711239))
18;nan;(((-0.7566085458) + (((((((-0.0061409902) * X1) * ((-96.8645706177) * X1)) + (1.3580051661 * X2)) + ((-0.0645392612) * X1)) ^ exp(((-0.2063049823) * X2))) * (0.6713022590 + (0.2184951156 * X2)))) + (0.6139330864 * X2))
17;nan;(((-0.2291385084) + ((((((0.0896003321 * X1) * (1.4416373968 * X1)) + (0.3823102713 * X2)) + ((-0.0141435992) * X1)) ^ exp(((-0.2763275504) * X2))) * exp((0.1183817014 * X2)))) * 3.0504574776)
3;2.4934432772724775;((3.7190175056 * X2) ^ 0.6399321556)
4;inf;(log(abs(((-7.5497078896) * X1))) + (0.7703855038 * X2))
2;12.057631698337131;exp((0.2165087461 * X2))
11;nan;(((((3.0784609318 * X1) * (0.1364975572 * X1)) * exp(((-0.3426546454) * X2))) + sqrt((13.5544357300 * X2))) + (-2.3872332573))
10;inf;(((((0.1729944944 * X1) * (2.0994572639 * X1)) + (0.7071067691 * X2)) ^ exp(((-0.1263796091) * X2))) + (0.7711994648 * X2))
8;inf;((((3.0784609318 * X1) * (0.1345806718 * X1)) * exp(((-0.2725436091) * X2))) + (1.1238536835 * X2))
6;inf;log(abs((((1.9666304588 * X1) * (4.5071253777 * X1)) + (35.8769264221 * X2))))
16;nan;(((0.8391372561 * X2) + (-1.0245776176)) + (((exp((log(abs((0.6924778223 * X1))) * 1.8737542629)) + ((-0.0437439978) * X1)) + (1.2045940161 * X2)) ^ exp(((-0.1247002855) * X2))))
15;nan;((((((((-0.0109901940) * X1) * ((-37.5862922668) * X1)) + (1.1633005142 * X2)) + ((-0.0440151840) * X1)) ^ exp(((-0.1262714714) * X2))) + (0.8292583227 * X2)) + log(abs(0.4147703350)))
12;nan;(((0.8292663097 * X2) + (-0.8800572157)) + ((((2.6552436352 * X1) * (0.1557947844 * X1)) + (1.1645971537 * X2)) ^ exp(((-0.1262733340) * X2))))
9;inf;(sqrt((6.2326984406 * X2)) + (((1.5400243998 * X1) * (0.1684971005 * X1)) * exp(((-0.2880603671) * X2))))
5;inf;((0.9094204903 * X2) + ((3.7033092976 * X1) * (0.0572309531 * X1)))
14;inf;(((0.8292663097 * X2) + (-0.8800572157)) + (((((2.5460271835 * X1) * (0.1622467041 * X1)) + (1.1633131504 * X2)) + ((-0.0440105423) * X1)) ^ exp(((-0.1249003112) * X2))))
13;nan;(((((((-0.0140253566) * X1) * ((-29.4515762329) * X1)) + (1.1606981754 * X2)) ^ exp(((-0.1262714714) * X2))) + (0.8288236856 * X2)) * log(abs(0.4158256948)))
20;nan;(((-1.2919592857) + ((((((((-0.0045251139) * X1) * ((-34.0987167358) * X1)) + (0.4546811581 * X2)) + ((-0.0201339759) * X1)) ^ exp(((-0.2373016477) * X2))) + exp((0.0013848557 * X1))) * exp((0.0867772177 * X2)))) * 2.5842487812)
1;6.73473781548737;3.7626740932
19;inf;(((-0.2762299478) + ((((((0.0972206742 * X1) * (1.5642509460 * X1)) + (0.4551717937 * X2)) + ((-0.0166576877) * X1)) ^ exp(((-0.2730045319) * X2))) * exp((0.1889231205 * X2)))) * (2.6171841621 + ((-0.1240188852) * X2)))
18;nan;(((-0.7558573484) + ((((((5.5361618996 * X1) * (0.1024441123 * X1)) + (1.2972584963 * X2)) + ((-0.0615756288) * X1)) ^ exp(((-0.2081861943) * X2))) * ((0.2245032489 * X2) + 0.7052433491))) + (0.6048408747 * X2))
17;inf;(((-0.2291385084) + ((((((0.0896003321 * X1) * (1.4416373968 * X1)) + (0.3823102713 * X2)) + ((-0.0141435992) * X1)) ^ exp(((-0.2760373056) * X2))) * exp((0.1183817014 * X2)))) * 3.0504574776)
3;nan;((5.6268229485 * X2) ^ 0.5480743051)
4;inf;(log(abs((12.6498889923 * X1))) + (0.7692237496 * X2))
2;inf;exp((0.2168098837 * X2))
11;inf;(((((2.3373599052 * X1) * (0.1810045987 * X1)) * exp(((-0.3396329582) * X2))) + sqrt((13.5544357300 * X2))) + (-2.3872332573))
10;inf;((((((-0.0096498998) * X1) * ((-37.9011573792) * X1)) + (0.7071067691 * X2)) ^ exp(((-0.1263796091) * X2))) + (0.7812397480 * X2))
8;inf;((((2.3225119114 * X1) * (0.1782129556 * X1)) * exp(((-0.2679134011) * X2))) + (1.1238536835 * X2))
6;inf;log(abs((((1.5400243998 * X1) * (5.8656582832 * X1)) + (36.6115608215 * X2))))
16;inf;(((0.8391372561 * X2) + (-1.0245776176)) + (((exp((log(abs((0.6924778223 * X1))) * 1.8737542629)) + ((-0.0437439978) * X1)) + (1.2045940161 * X2)) ^ exp(((-0.1249003112) * X2))))
15;nan;(((((((1.4857467413 * X1) * (0.2777028084 * X1)) + (1.1633005142 * X2)) + ((-0.0440151840) * X1)) ^ exp(((-0.1262714714) * X2))) + (0.8288236856 * X2)) * log(abs(0.4158256948)))
12;inf;((((((1.4426950216 * X1) * (0.2867350876 * X1)) + (1.1606996059 * X2)) ^ exp(((-0.1264823973) * X2))) + (0.8288236856 * X2)) + (-0.8822721839))
9;nan;((((0.2293935418 * X1) * (1.1306450367 * X1)) * exp(((-0.2882490158) * X2))) + sqrt((6.2347302437 * X2)))
5;inf;((0.9094204903 * X2) + (((-0.0053803921) * X1) * ((-37.5862922668) * X1)))
14;nan;(((0.8292663097 * X2) + (-0.8800572157)) + (((((3.9312982559 * X1) * (0.1050748155 * X1)) + (1.1632953882 * X2)) + ((-0.0440105423) * X1)) ^ exp(((-0.1249003112) * X2))))
13;inf;((((((2.6552436352 * X1) * (0.1557947844 * X1)) + (1.1645971537 * X2)) ^ exp(((-0.1262733340) * X2))) + (0.8292583227 * X2)) + log(abs(0.4147703350)))
20;nan;(((-0.2519184351) + (((((((1.4985288382 * X1) * (0.0954792053 * X1)) * exp(((-0.0359420031) * X2))) + (0.4500818849 * X2)) + ((-0.0144046284) * X1)) ^ exp(((-0.2468839735) * X2))) * exp((0.1223700047 * X2)))) * 2.7812962532)
1;5.010497216755592;4.3459663391
19;nan;(((-0.2174344361) + ((((((1.7909665108 * X1) * (0.0773469806 * X1)) + ((0.4125289619 * X2) ^ 1.0668178797)) + ((-0.0151131880) * X1)) ^ exp(((-0.2710572481) * X2))) * exp((0.1226464212 * X2)))) * 2.8429737091)
18;nan;(((-0.7557069659) + (((((((-0.0134120556) * X1) * ((-41.3823356628) * X1)) + (1.2707669735 * X2)) + ((-0.0602612682) * X1)) ^ exp(((-0.2089326978) * X2))) * ((0.2269275486 * X2) + 0.7205935121))) + (0.6009863019 * X2))
17;nan;(((-0.2304554433) + ((((((0.1120445505 * X1) * (1.1523921490 * X1)) + (0.3825093806 * X2)) + ((-0.0141252186) * X1)) ^ exp(((-0.2786394358) * X2))) * exp((0.1189672202 * X2)))) * 3.0290009975)
3;2.512721244357806;((3.6368350983 * X2) ^ 0.6447340250)
4;inf;(log(abs(((-7.5497078896) * X1))) + (0.7675073743 * X2))
2;12.008194848081478;exp((0.2172153145 * X2))
11;nan;(((((2.3373599052 * X1) * (0.1810045987 * X1)) * exp(((-0.3460848927) * X2))) + sqrt((13.5544357300 * X2))) + (-2.3872332573))
10;inf;((((((-0.0096498998) * X1) * ((-37.9011573792) * X1)) + (0.7071067691 * X2)) ^ exp(((-0.1263796091) * X2))) + (0.7917124033 * X2))
8;inf;(((((-0.0140253566) * X1) * ((-29.4515762329) * X1)) * exp(((-0.2763275504) * X2))) + (1.1199111938 * X2))
6;inf;log(abs((((1.5400243998 * X1) * (5.5189809799 * X1)) + (34.5294418335 * X2))))
16;nan;(((0.8391372561 * X2) + (-1.0245790482)) + (((exp((log(abs((0.6912260652 * X1))) * 1.8764129877)) + ((-0.0439435020) * X1)) + (1.2040612698 * X2)) ^ exp(((-0.1261364818) * X2))))
15;inf;(((((((0.4700511694 * X1) * (0.8788001537 * X1)) + (1.1632808447 * X2)) + ((-0.0440142192) * X1)) ^ exp(((-0.1262719631) * X2))) + (0.8296596408 * X2)) + log(abs(0.4147703350)))
12;nan;(((0.8292188048 * X2) + (-0.8792264462)) + (((((-0.0140253566) * X1) * ((-29.4515762329) * X1)) + (1.1622881889 * X2)) ^ exp(((-0.1262511313) * X2))))
9;inf;(sqrt((6.2326984406 * X2)) + (((1.5400243998 * X1) * (0.1684971005 * X1)) * exp(((-0.2855945528) * X2))))
5;inf;(((2.5460271835 * X1) * (0.0704310462 * X1)) + (0.7675073743 * X2))
14;inf;(((((((4.4072527885 * X1) * (0.0937289074 * X1)) + ((-0.0439915806) * X1)) + (1.2040598392 * X2)) ^ exp(((-0.1262714714) * X2))) + (0.8288236856 * X2)) + (-0.8822721839))
13;nan;((((((1.4426950216 * X1) * (0.2867350876 * X1)) + (1.1606996059 * X2)) ^ exp(((-0.1264823973) * X2))) + (0.8288236856 * X2)) + log(abs(0.4147703350)))
20;nan;(((-0.2304554433) + ((((((((-0.0363774598) * X1) * ((-3.5697643757) * X1)) + (0.3856366873 * X2)) ^ exp((0.1008275151 * X2))) + ((-0.0188924801) * X1)) ^ exp(((-0.3786503375) * X2))) * exp((0.1189672202 * X2)))) * 3.0290009975)
1;4.404847029863969;4.6368875504
19;inf;(((-0.2710895836) + ((((((2.0927655697 * X1) * (0.0715162307 * X1)) + (0.4465885162 * X2)) + ((-0.0163923353) * X1)) ^ exp(((-0.2735750675) * X2))) * exp((0.1848083735 * X2)))) * (((-0.1212686151) * X2) + 2.6565294266))
18;nan;(((-0.7555207610) + (((((((-0.0083901966) * X1) * ((-65.3389129639) * X1)) + (1.2558264732 * X2)) + ((-0.0595269687) * X1)) ^ exp(((-0.2093862742) * X2))) * ((0.2283815145 * X2) + 0.7297194004))) + (0.5987029076 * X2))
17;inf;(((-0.2510442138) + ((((((1.8596597910 * X1) * (0.0737706646 * X1)) + (0.4242620170 * X2)) + ((-0.0149876941) * X1)) ^ exp(((-0.2717018723) * X2))) * exp((0.1240705326 * X2)))) * 2.8731133938)
3;nan;((3.5329561234 * X2) ^ 0.6465948820)
4;inf;(log(abs(((-7.5497078896) * X1))) + (0.8539808989 * X2))
2;inf;exp((0.2199729383 * X2))
11;inf;(((((1.5403701067 * X1) * (0.2729946673 * X1)) * exp(((-0.3460848927) * X2))) + sqrt((13.5544357300 * X2))) + (-2.3872332573))
10;inf;((((((-0.0096498998) * X1) * ((-37.9011573792) * X1)) + (0.6345083117 * X2)) ^ exp(((-0.1264788657) * X2))) + (0.7674436569 * X2))
8;inf;((((2.6552436352 * X1) * (0.1557947844 * X1)) * exp(((-0.2763275504) * X2))) + (1.1199111938 * X2))
6;inf;log(abs((((1.7105311155 * X1) * (5.7646179199 * X1)) + (36.6115608215 * X2))))
16;inf;(((0.8391372561 * X2) + (-1.0245790482)) + (((exp((log(abs((0.6912260652 * X1))) * 1.8764129877)) + ((-0.0439435020) * X1)) + (1.2040612698 * X2)) ^ exp(((-0.1263796091) * X2))))
15;nan;(((((((1.4857467413 * X1) * (0.2777028084 * X1)) + ((-0.0439453125) * X1)) + (1.1606981754 * X2)) ^ exp(((-0.1261364818) * X2))) + (0.8288236856 * X2)) + log(abs(0.4158256948)))
12;inf;((((((2.5460271835 * X1) * (0.1622467041 * X1)) + (1.1606996059 * X2)) ^ exp(((-0.1263804734) * X2))) + (0.8296596408 * X2)) + (-0.8822721839))
9;nan;((((1.5400243998 * X1) * (0.1684971005 * X1)) * exp(((-0.2853974998) * X2))) + sqrt((6.2326984406 * X2)))
5;inf;(((0.1898692399 * X1) * (0.9467850327 * X1)) + (0.7675073743 * X2))
14;nan;(((0.8392431140 * X2) + (-1.0247366428)) + (((((2.5741376877 * X1) * (0.1632405519 * X1)) + ((-0.0439453125) * X1)) + (1.2040598392 * X2)) ^ exp(((-0.1247132123) * X2))))
13;nan;(((((((-0.0140253566) * X1) * ((-29.4515762329) * X1)) + (1.1606981754 * X2)) ^ exp(((-0.1261364818) * X2))) + (0.8288236856 * X2)) + log(abs(0.4158256948)))
20;nan;(((-0.2297761589) + ((((((((-0.0031850697) * X1) * ((-40.6425323486) * X1)) + (0.3840297461 * X2)) ^ exp((0.1174280122 * X2))) + ((-0.0195026826) * X1)) ^ exp(((-0.3978547156) * X2))) * exp((0.1185809299 * X2)))) * 3.0432116985)
1;4.169429736211656;4.7797317505
19;nan;(((-0.2654982209) + ((((((1.4788093567 * X1) * (0.0990573317 * X1)) + (0.4382467270 * X2)) + ((-0.0160401706) * X1)) ^ exp(((-0.2735343575) * X2))) * exp((0.1765242815 * X2)))) * (((-0.1117420346) * X2) + 2.7109661102))
18;nan;(((-0.7601590753) + (((((((-0.0091160228) * X1) * ((-60.0107955933) * X1)) + (1.2641547918 * X2)) + ((-0.0593921058) * X1)) ^ exp(((-0.2071417421) * X2))) * (0.7331532240 + (0.2220033258 * X2)))) + (0.6039357781 * X2))
17;nan;(((-0.2514906228) + ((((((1.8607141972 * X1) * (0.0738132000 * X1)) + (0.4251071513 * X2)) + ((-0.0150047084) * X1)) ^ exp(((-0.2715805173) * X2))) * exp((0.1241745949 * X2)))) * 2.8700072765)
3;2.331222533562071;((5.7747764587 * X2) ^ 0.5419659615)
4;inf;(log(abs((12.6498889923 * X1))) + (0.7611940503 * X2))
2;11.737521682440454;exp((0.2210862488 * X2))
11;nan;((((((-0.3639732003) * X1) * ((-1.1681659222) * X1)) * exp(((-0.3407581151) * X2))) + sqrt((13.5544357300 * X2))) + (-2.3872332573))
10;inf;((((((-0.0096498998) * X1) * ((-37.9011573792) * X1)) + (0.6343524456 * X2)) ^ exp(((-0.1263796091) * X2))) + (0.7674436569 * X2))
8;inf;((((3.0784609318 * X1) * (0.1345806718 * X1)) * exp(((-0.2787972689) * X2))) + (1.1238536835 * X2))
6;inf;log(abs((((1.5400243998 * X1) * (5.8656582832 * X1)) + (36.8615837097 * X2))))
16;nan;(((0.8392431140 * X2) + (-1.0247366428)) + (((exp((log(abs((0.6912260652 * X1))) * 1.8764129877)) + ((-0.0438735075) * X1)) + (1.1633005142 * X2)) ^ exp(((-0.1249003112) * X2))))
15;nan;((((((((-0.0100462968) * X1) * ((-41.2299003601) * X1)) + (1.1633005142 * X2)) + ((-0.0440151840) * X1)) ^ exp(((-0.1262714714) * X2))) + (0.8292583227 * X2)) + log(abs(0.4147703350)))
12;nan;((((((2.6552436352 * X1) * (0.1555672735 * X1)) + (1.1606996059 * X2)) ^ exp(((-0.1263804734) * X2))) + (0.8296596408 * X2)) + (-0.8822721839))
9;inf;((((0.2293935418 * X1) * (1.1306450367 * X1)) * exp(((-0.2853974998) * X2))) + sqrt((6.2326984406 * X2)))
5;inf;((((-0.0070486334) * X1) * ((-28.9302864075) * X1)) + (0.8695235252 * X2))
14;inf;(((0.8391372561 * X2) + (-1.0245776176)) + (((((2.5741376877 * X1) * (0.1632405519 * X1)) + ((-0.0439453125) * X1)) + (1.2040598392 * X2)) ^ exp(((-0.1247002855) * X2))))
13;nan;((((((2.3225119114 * X1) * (0.1782129556 * X1)) + (1.1645971537 * X2)) ^ exp(((-0.1263804734) * X2))) + (0.8288236856 * X2)) * log(abs(0.4158256948)))
20;nan;(((-1.2693247795) + ((((((((-0.0043206881) * X1) * ((-33.7718162537) * X1)) + (0.4159887135 * X2)) + ((-0.0159216635) * X1)) ^ exp(((-0.2499747276) * X2))) + exp(((-0.0210635718) * X2))) * exp((0.0923799947 * X2)))) * 2.7343652248)
1;3.603003281207438;5.5323443413
19;inf;(((-0.2602223754) + ((((((0.2246619016 * X1) * (0.6433315873 * X1)) + (0.4285511971 * X2)) + ((-0.0158303119) * X1)) ^ exp(((-0.2748860717) * X2))) * exp((0.1750802994 * X2)))) * (((-0.1127143502) * X2) + 2.7459995747))
18;nan;(((-0.7545787692) + ((((((0.5942336917 * X1) * (0.8914000392 * X1)) + (1.2143480778 * X2)) + ((-0.0575445965) * X1)) ^ exp(((-0.2108314186) * X2))) * ((0.2329003513 * X2) + 0.7557851672))) + (0.5919089317 * X2))
17;inf;(((-0.2272391021) + ((((((0.1125550121 * X1) * (1.1288502216 * X1)) + (0.3719494641 * X2)) + ((-0.0139222974) * X1)) ^ exp(((-0.2791201472) * X2))) * exp((0.1174280122 * X2)))) * 3.0412824154)
3;nan;((6.2831854820 * X2) ^ 0.5404449105)
4;inf;(log(abs((12.6498889923 * X1))) + (0.8695235252 * X2))
2;inf;exp((0.2214779854 * X2))
11;inf;((((((-0.3639732003) * X1) * ((-1.1681659222) * X1)) * exp(((-0.3396329582) * X2))) + sqrt((13.5544357300 * X2))) + (-2.3872332573))
10;inf;((((((-0.0096498998) * X1) * ((-37.9011573792) * X1)) + (0.6345083117 * X2)) ^ exp(((-0.1261365265) * X2))) + (0.7674629092 * X2))
8;inf;(((((-0.0140253566) * X1) * ((-29.4515762329) * X1)) * exp(((-0.2802580297) * X2))) + (1.1238733530 * X2))
6;inf;log(abs((((1.9635996819 * X1) * (4.5071253777 * X1)) + (36.2153663635 * X2))))
16;inf;(((-0.3389478624) + ((0.3146559596 * X2) + (((((1.8006364107 * X1) * (0.0995854884 * X1)) + (0.4055241644 * X2)) + ((-0.0193823539) * X1)) ^ exp(((-0.1833964735) * X2))))) * 2.2733356953)
15;nan;(((((((2.5460271835 * X1) * (0.1622467041 * X1)) + (1.1633131504 * X2)) + ((-0.0440105423) * X1)) ^ exp(((-0.1249003112) * X2))) + (0.8288236856 * X2)) + log(abs(0.4158256948)))
12;inf;(((0.8289602399 * X2) + (-0.8795073032)) + ((((2.5460271835 * X1) * (0.1622206718 * X1)) + (1.1636886597 * X2)) ^ exp(((-0.1261369288) * X2))))
9;nan;((((0.3976390958 * X1) * (0.7037681341 * X1)) * exp(((-0.2803266943) * X2))) + sqrt((7.1371793747 * X2)))
5;inf;((((-0.0070486334) * X1) * ((-28.9302864075) * X1)) + (0.9227712154 * X2))
14;nan;(((((((1.4857467413 * X1) * (0.2777028084 * X1)) + ((-0.0439453125) * X1)) + (1.2040598392 * X2)) ^ exp(((-0.1262714714) * X2))) + (0.8288236856 * X2)) + (-0.8822721839))
13;inf;(log(abs(0.4138478935)) + (((((3.9312982559 * X1) * (0.1050748155 * X1)) + (1.1632953882 * X2)) ^ exp(((-0.1263796091) * X2))) + (0.8296557665 * X2)))
20;nan;(((-1.5858620405) + ((((((((-0.0043303818) * X1) * ((-34.0987167358) * X1)) + (0.4120365679 * X2)) + ((-0.0160781462) * X1)) ^ exp(((-0.2381775081) * X2))) + log(abs(3.7143447399))) * exp((0.0751978830 * X2)))) * 2.7071483135)
1;3.6030032812107673;5.5323467255
19;nan;(((-0.2673660517) + ((((((1.5620265007 * X1) * (0.0939199999 * X1)) + (0.4426152706 * X2)) + ((-0.0160559416) * X1)) ^ exp(((-0.2723847628) * X2))) * exp((0.1740114093 * X2)))) * (((-0.1064168364) * X2) + 2.7061889172))
18;inf;((-0.7115105391) + ((((((((-0.0057498817) * X1) * ((-29.4515762329) * X1)) + ((-0.0183855519) * X1)) + (0.4792190194 * X2)) ^ exp(((-0.2336574048) * X2))) + (0.0940847769 * X2)) * ((0.2617633641 * X2) + 2.3440356255)))
17;nan;(((-0.2361470312) + ((((((0.0990783125 * X1) * (1.3316384554 * X1)) + (0.3950251043 * X2)) + ((-0.0143003110) * X1)) ^ exp(((-0.2725436091) * X2))) * exp((0.1202840433 * X2)))) * 2.9876635075)
3;2.180581608053265;((6.3330984116 * X2) ^ 0.5376858711)
4;inf;(log(abs(((-7.5497078896) * X1))) + (0.7440342903 * X2))
2;11.687896852845125;exp((0.2217965722 * X2))
11;nan;((((((-2.0452160835) * X1) * ((-0.2081944793) * X1)) * exp(((-0.3396329582) * X2))) + sqrt((13.5544357300 * X2))) + (-2.3872332573))
10;inf;(((((0.1813484728 * X1) * (2.0043575764 * X1)) + (0.6345083117 * X2)) ^ exp(((-0.1264788657) * X2))) + (0.7674629092 * X2))
8;inf;((((2.6552436352 * X1) * (0.1557947844 * X1)) * exp(((-0.2802580297) * X2))) + (1.1238733530 * X2))
6;inf;log(abs((((1.5400243998 * X1) * (5.8656582832 * X1)) + (37.0268669128 * X2))))
16;nan;(((-0.3413437605) + ((0.3169652224 * X2) + (((((0.2169246823 * X1) * (0.8315471411 * X1)) + (0.4088065624 * X2)) + ((-0.0194910746) * X1)) ^ exp(((-0.1827820390) * X2))))) * 2.2595686913)
15;nan;((((((((-0.0109901940) * X1) * ((-37.5862922668) * X1)) + (1.1633005142 * X2)) + ((-0.0440151840) * X1)) ^ exp(((-0.1247002855) * X2))) + (0.8292583227 * X2)) + log(abs(0.4147703350)))
12;nan;(((((((-0.0140253566) * X1) * ((-29.4515762329) * X1)) + (1.1606981754 * X2)) ^ exp(((-0.1262680590) * X2))) + (0.8296596408 * X2)) + (-0.8822721839))
9;inf;((((2.5222549438 * X1) * (0.1028997973 * X1)) * exp(((-0.2788367569) * X2))) + sqrt((6.2347302437 * X2)))
5;inf;(((1.4426950216 * X1) * (0.1566368341 * X1)) + (1.0253943205 * X2))
14;inf;(((0.8292188048 * X2) + (-0.8792264462)) + (((((1.4857467413 * X1) * (0.2777028084 * X1)) + ((-0.0439453125) * X1)) + (1.2040598392 * X2)) ^ exp(((-0.1261365265) * X2))))
13;nan;((((((3.9312982559 * X1) * (0.1050748155 * X1)) + (1.1632953882 * X2)) ^ exp(((-0.1261365265) * X2))) + (0.8292583227 * X2)) + log(abs(0.4147703350)))
20;nan;(((-0.8111643791) + (((((((-0.0032989269) * X1) * ((-61.7636222839) * X1)) + (0.5803264976 * X2)) + ((-0.0222027134) * X1)) ^ exp(((-0.2235249579) * X2))) * (exp((0.0994901061 * X2)) + exp((0.0991717055 * X2))))) + (0.3890282810 * X2))
1;3.6030032812080717;5.5323457718
19;inf;(((-0.4118713737) + ((((((0.2996698916 * X1) * (0.6949163675 * X1)) + (0.6959797144 * X2)) + ((-0.0227560904) * X1)) ^ exp(((-0.2545841038) * X2))) * exp((0.2420015037 * X2)))) * (1.9363698959 + ((-0.1210535094) * X2)))
18;nan;((-0.7112520337) + (((((((1.9679318666 * X1) * (0.0862984881 * X1)) + (0.4810446203 * X2)) + ((-0.0184381325) * X1)) ^ exp(((-0.2338764668) * X2))) + (0.0934358016 * X2)) * ((0.2640677691 * X2) + 2.3363440037)))
17;inf;(((-0.2625950575) + ((((((1.8892854452 * X1) * (0.0749464855 * X1)) + (0.4477413893 * X2)) + ((-0.0154599827) * X1)) ^ exp(((-0.2678929865) * X2))) * exp((0.1270068735 * X2)))) * 2.7818810940)
3;nan;((6.0572767258 * X2) ^ 0.5343971252)
4;inf;(log(abs(((-7.5497078896) * X1))) + (0.7408190966 * X2))
2;inf;exp((0.2265449315 * X2))
11;inf;((((-2.2270238400) + ((3.0784609318 * X1) * (0.1377406567 * X1))) * exp(((-0.3460848927) * X2))) + sqrt((7.8712735176 * X2)))
10;inf;(((((0.1813484728 * X1) * (2.0043575764 * X1)) + (0.6274289489 * X2)) ^ exp(((-0.1263804734) * X2))) + (0.7611940503 * X2))
8;inf;((((0.6969442368 * X1) * (0.5943051577 * X1)) * exp(((-0.2802580297) * X2))) + (1.1238733530 * X2))
6;inf;log(abs((((1.9666304588 * X1) * (4.5071253777 * X1)) + (36.6115608215 * X2))))
16;inf;(((-0.3471459746) + ((0.3224867284 * X2) + (((((0.2290057242 * X1) * (0.7985489368 * X1)) + (0.4167180955 * X2)) + ((-0.0197570901) * X1)) ^ exp(((-0.1814915091) * X2))))) * 2.2303340435)
15;nan;(((((((2.3225119114 * X1) * (0.1782129556 * X1)) + ((-0.0439453125) * X1)) + (1.2040598392 * X2)) ^ exp(((-0.1262714714) * X2))) + (0.8291514516 * X2)) + log(abs(0.4148054719)))
12;inf;((((((2.3587484360 * X1) * (0.1756648123 * X1)) + (1.1645971537 * X2)) ^ exp(((-0.1263804734) * X2))) + (0.8296596408 * X2)) + (-0.8822721839))
9;nan;(sqrt((6.2341465950 * X2)) + (((1.5400243998 * X1) * (0.1684971005 * X1)) * exp(((-0.2787371278) * X2))))
5;inf;((((-0.0070486334) * X1) * ((-28.9302864075) * X1)) + (0.9260404706 * X2))
14;nan;(((0.8292188048 * X2) + (-0.8792264462)) + (((((4.4072527885 * X1) * (0.0937289074 * X1)) + ((-0.0439915806) * X1)) + (1.1622881889 * X2)) ^ exp(((-0.1238009185) * X2))))
13;inf;(log(abs(0.4138478935)) + (((((3.0784609318 * X1) * (0.1345806718 * X1)) + (1.1645883322 * X2)) ^ exp(((-0.1263796091) * X2))) + (0.8296557665 * X2)))
20;nan;(((-0.8135830164) + (((((((-0.0032366500) * X1) * ((-62.9199829102) * X1)) + (0.5879700780 * X2)) + ((-0.0221928935) * X1)) ^ exp(((-0.2246279418) * X2))) * (exp((0.1100156233 * X2)) + exp((0.0945102051 * X2))))) + (0.3724010885 * X2))
1;5.8237833484762485;4.0421166420
19;nan;(((-0.2522436678) + ((((((0.0935026556 * X1) * (1.5044267178 * X1)) + (0.4154846370 * X2)) + ((-0.0154059557) * X1)) ^ exp(((-0.2758197188) * X2))) * exp((0.1666077822 * X2)))) * (2.8170678616 + ((-0.1032529175) * X2)))
18;nan;((-0.7129429579) + ((((((((-0.1237281263) * X1) * ((-1.3423426151) * X1)) + (0.4680067003 * X2)) + ((-0.0180279817) * X1)) ^ exp(((-0.2326455116) * X2))) + (0.0967846811 * X2)) * ((0.2503698170 * X2) + 2.3897030354)))
17;nan;(((-0.2337648124) + ((((((0.1058063805 * X1) * (1.2332706451 * X1)) + (0.3890962303 * X2)) + ((-0.0142369978) * X1)) ^ exp(((-0.2725436091) * X2))) * exp((0.1192830503 * X2)))) * 3.0202383995)
3;2.7605444857994743;((5.3425836563 * X2) ^ 0.5330688953)
4;inf;(log(abs(((-2.2305054665) * X1))) + (0.8826169372 * X2))
2;11.186210454988087;exp((0.2289967835 * X2))
11;nan;((((-2.2258009911) + ((2.3373599052 * X1) * (0.1810045987 * X1))) * exp(((-0.3471885324) * X2))) + sqrt((7.8723530769 * X2)))
10;inf;(((((0.1813484728 * X1) * (2.0043575764 * X1)) + (0.6274289489 * X2)) ^ exp(((-0.1262688041) * X2))) + (0.7611940503 * X2))
8;inf;(((((-0.0140253566) * X1) * ((-29.4515762329) * X1)) * exp(((-0.2848750651) * X2))) + (1.1238536835 * X2))
6;inf;log(abs((((1.9635996819 * X1) * (4.5071253777 * X1)) + (36.6115608215 * X2))))
16;nan;(((-0.3561083674) + ((0.3310291767 * X2) + (((((1.4373835325 * X1) * (0.1299285591 * X1)) + (0.4289662242 * X2)) + ((-0.0201655421) * X1)) ^ exp(((-0.1794826537) * X2))))) * 2.1849639416)
15;nan;((((((((-0.0140253566) * X1) * ((-29.4515762329) * X1)) + ((-0.0439453125) * X1)) + (1.2040598392 * X2)) ^ exp(((-0.1262714714) * X2))) + (0.8291514516 * X2)) + log(abs(0.4148054719)))
12;nan;(((0.8292663097 * X2) + (-0.8800572157)) + ((((1.4857467413 * X1) * (0.2777028084 * X1)) + (1.1645883322 * X2)) ^ exp(((-0.1263796091) * X2))))
9;inf;(sqrt((6.2326984406 * X2)) + (((1.5400243998 * X1) * (0.1684971005 * X1)) * exp(((-0.3356759846) * X2))))
5;inf;(((1.4373835325 * X1) * (0.1299285591 * X1)) + (0.7917124033 * X2))
14;inf;((((((1.1636345387 * X2) + ((1.4857467413 * X1) * (0.2777028084 * X1))) + ((-0.0532152951) * X1)) ^ exp(((-0.1263804734) * X2))) + (0.8296596408 * X2)) + (-0.8822721839))
13;nan;((((((2.3587484360 * X1) * (0.1756648123 * X1)) + (1.1645971537 * X2)) ^ exp(((-0.1263804734) * X2))) + (0.8296596408 * X2)) + log(abs(0.4147703350)))
20;nan;(((-1.2667154074) + ((((((((-0.0038539234) * X1) * ((-38.9412345886) * X1)) + (0.4299258590 * X2)) + ((-0.0194521714) * X1)) ^ exp(((-0.2376305461) * X2))) + exp((0.0012777820 * X1))) * exp((0.0850079656 * X2)))) * 2.5921127796)
1;5.067901972093283;6.7426748276
19;inf;((((-0.2297359407) + ((((((0.0839059949 * X1) * (1.5420887470 * X1)) + (0.3836121559 * X2)) + ((-0.0183710568) * X1)) ^ exp(((-0.2785905600) * X2))) * exp((0.1185398325 * X2)))) * 3.0451979637) + (0.0066160280 * X1))
18;nan;(((-0.7552841306) + ((((((2.1505997181 * X1) * (0.2334957868 * X1)) + (1.1568404436 * X2)) + ((-0.0545781478) * X1)) ^ exp(((-0.2120875269) * X2))) * ((0.2369625419 * X2) + 0.7989261746))) + (0.5837587118 * X2))
17;inf;(((-0.2267215550) + ((((((0.1115209311 * X1) * (1.1320559978 * X1)) + (0.3692983687 * X2)) + ((-0.0138449352) * X1)) ^ exp(((-0.2791292965) * X2))) * exp((0.1171534881 * X2)))) * 3.0408411026)
3;nan;((3.3564479351 * X2) ^ 0.6604593396)
4;inf;(log(abs((12.6498889923 * X1))) + (0.8849584460 * X2))
2;inf;exp((0.2292779684 * X2))
11;inf;(((((2.5741376877 * X1) * (0.1608899236 * X1)) * exp(((-0.3407581151) * X2))) + sqrt((13.5543375015 * X2))) + (-2.3872132301))
10;inf;(((((0.1813484728 * X1) * (2.0043575764 * X1)) + (0.6345083117 * X2)) ^ exp(((-0.1263796091) * X2))) + (0.7703855038 * X2))
8;inf;((((2.3587484360 * X1) * (0.1756648123 * X1)) * exp(((-0.2848750651) * X2))) + (1.1238536835 * X2))
6;inf;log(abs((((1.5400243998 * X1) * (5.6382665634 * X1)) + (35.9728355408 * X2))))
16;nan;(((-0.3770085275) + ((0.3509498835 * X2) + ((((((-0.0056625190) * X1) * ((-34.5855598450) * X1)) + (0.4575761855 * X2)) + ((-0.0211199503) * X1)) ^ exp(((-0.1750766784) * X2))))) * 2.0851941109)
15;nan;(((((((1.4857467413 * X1) * (0.2777028084 * X1)) + ((-0.0439453125) * X1)) + (1.2040598392 * X2)) ^ exp(((-0.1263804734) * X2))) + (0.8288236856 * X2)) * log(abs(0.4158256948)))
12;inf;((((((1.4857467413 * X1) * (0.2777028084 * X1)) + (1.1645971537 * X2)) ^ exp(((-0.1263804734) * X2))) + (0.8296596408 * X2)) + (-0.8822721839))
9;nan;((((2.5222549438 * X1) * (0.1028997973 * X1)) * exp(((-0.3359932005) * X2))) + sqrt((6.2326984406 * X2)))
5;inf;((((-2.1148412228) * X1) * ((-0.0964227021) * X1)) + (0.9275628328 * X2))
14;nan;(((0.8289602399 * X2) + (-0.8795073032)) + ((((((-0.0140253566) * X1) * ((-29.4515762329) * X1)) + ((-0.0439435020) * X1)) + (1.2040612698 * X2)) ^ exp(((-0.1247053221) * X2))))
13;inf;((((((3.0784609318 * X1) * (0.1345806718 * X1)) + (1.1606996059 * X2)) ^ exp(((-0.1264823973) * X2))) + (0.8291514516 * X2)) + log(abs(0.4148054719)))
20;nan;(((-0.8112170100) + (((((((-0.0047971578) * X1) * ((-42.5553054810) * X1)) + (0.5640278459 * X2)) + ((-0.0222247783) * X1)) ^ exp(((-0.2170114070) * X2))) * (exp((0.0610950477 * X2)) + exp((0.1088327244 * X2))))) + (0.4466983676 * X2))
1;3.61239750638915;5.6292686462
19;nan;((((-0.2292036563) + ((((((0.0897474363 * X1) * (1.4416373968 * X1)) + (0.3815441728 * X2)) + ((-0.0183127094) * X1)) ^ exp(((-0.2786191404) * X2))) * exp((0.1183203608 * X2)))) * 3.0437901020) + (0.0066102110 * X1))
18;nan;(((-0.7641314268) + (((((((-0.0108469333) * X1) * ((-46.6164627075) * X1)) + (1.1822355986 * X2)) + ((-0.0549114048) * X1)) ^ exp(((-0.2074823529) * X2))) * (0.7958593369 + (0.2233768255 * X2)))) + (0.5961711407 * X2))
17;nan;(((-0.2514906228) + ((((((1.8607141972 * X1) * (0.0738132000 * X1)) + (0.4251071513 * X2)) + ((-0.0150047084) * X1)) ^ exp(((-0.2679134011) * X2))) * exp((0.1241745949 * X2)))) * 2.8700072765)
3;2.2975399030122285;((6.2177925110 * X2) ^ 0.5300812721)
4;inf;(log(abs(((-7.5497078896) * X1))) + (0.8893810511 * X2))
2;11.134837368180058;exp((0.2297367156 * X2))
11;nan;(((((2.3225119114 * X1) * (0.1782129556 * X1)) * exp(((-0.3407581151) * X2))) + sqrt((13.5543375015 * X2))) + (-2.3872132301))
10;inf;(((((0.2715920806 * X1) * (1.3465714455 * X1)) + (0.6262974143 * X2)) ^ exp(((-0.1264788657) * X2))) + (0.7674629092 * X2))
8;inf;(((((-0.0140253566) * X1) * ((-29.4515762329) * X1)) * exp(((-0.2853974998) * X2))) + (1.1238536835 * X2))
6;inf;log(abs((((1.3116962910 * X1) * (6.2333111763 * X1)) + (33.9285812378 * X2))))
16;nan;(((-1.0251501799) + (0.8391699791 * X2)) + (((exp((log(abs((0.6921457648 * X1))) * 1.8749878407)) + ((-0.0439453125) * X1)) + (1.2040598392 * X2)) ^ exp(((-0.1217943281) * X2))))
15;inf;(((((((1.4857467413 * X1) * (0.2777028084 * X1)) + ((-0.0439453125) * X1)) + (1.2040598392 * X2)) ^ exp(((-0.1264823973) * X2))) + (0.8288236856 * X2)) * log(abs(0.4158256948)))
12;nan;(((((((-0.0123694511) * X1) * ((-33.4174385071) * X1)) + (1.1472148895 * X2)) ^ exp(((-0.1257605255) * X2))) + (0.8260130882 * X2)) + (-0.8685370684))
9;inf;((((2.5222549438 * X1) * (0.1028997973 * X1)) * exp(((-0.3359932005) * X2))) + sqrt((6.2347302437 * X2)))
5;inf;((((-0.0059195827) * X1) * ((-34.4231071472) * X1)) + (0.9275628328 * X2))
14;inf;(((0.8291350007 * X2) + (-0.8800004125)) + ((((1.1636345387 * X2) + ((3.0784609318 * X1) * (0.1345806718 * X1))) + ((-0.0532152951) * X1)) ^ exp(((-0.1263796091) * X2))))
13;nan;((((((2.6552436352 * X1) * (0.1557947844 * X1)) + (1.1645971537 * X2)) ^ exp(((-0.1249003112) * X2))) + (0.8288236856 * X2)) + log(abs(0.4158256948)))
20;inf;((((-0.5579657555) + ((((((0.0897239968 * X1) * (1.4416373968 * X1)) + (0.3834422827 * X2)) + ((-0.0183908716) * X1)) ^ exp(((-0.2786560357) * X2))) * exp((0.1185186282 * X2)))) * 3.0460054874) + exp((0.0066521540 * X1)))
1;3.612490452765006;5.4349427223
19;inf;(((-0.2300068885) + ((((((1.4788093567 * X1) * (0.0875561163 * X1)) + (0.3840110302 * X2)) + ((-0.0171412732) * X1)) ^ exp(((-0.2785382867) * X2))) * exp((0.1185922176 * X2)))) * ((0.0023850196 * X1) + 3.0436742306))
18;nan;(((((((((-0.0053893514) * X1) * ((-87.0888977051) * X1)) + (1.0879944563 * X2)) + ((-0.0510226078) * X1)) ^ exp(((-0.2133794725) * X2))) * ((0.2409233451 * X2) + 0.8558227420)) + (0.5744317174 * X2)) + (-0.7563462853))
17;nan;(((0.8399143219 * X2) + (-1.0355287790)) + ((((((3.8055393696 * X1) * ((-0.0155240512) * X1)) * log(abs((0.0001955889 * X1)))) + (1.2075093985 * X2)) + ((-0.0439246781) * X1)) ^ exp(((-0.1245955750) * X2))))
3;nan;((6.7887220383 * X2) ^ 0.5275512934)
4;inf;(log(abs((12.3228559494 * X1))) + (0.8917977214 * X2))
2;inf;exp((0.2324333042 * X2))
11;inf;(((((2.6552436352 * X1) * (0.1557947844 * X1)) * exp(((-0.3407581151) * X2))) + sqrt((13.5544357300 * X2))) + (-2.3872332573))
10;inf;(((((0.2715920806 * X1) * (1.3465714455 * X1)) + (0.6262974143 * X2)) ^ exp(((-0.1261365265) * X2))) + (0.7674629092 * X2))
8;inf;((((2.5460271835 * X1) * (0.1622206718 * X1)) * exp(((-0.2855945528) * X2))) + (1.1238733530 * X2))
6;inf;log(abs((((1.4620456696 * X1) * (5.5942749977 * X1)) + (33.9956474304 * X2))))
16;inf;(((-0.3858378828) + ((0.3593711555 * X2) + (((((0.2345583439 * X1) * (0.8512309790 * X1)) + (0.4697277546 * X2)) + ((-0.0215238631) * X1)) ^ exp(((-0.1733661294) * X2))))) * 2.0464239120)
15;nan;((((((((-0.0140253566) * X1) * ((-29.4515762329) * X1)) + ((-0.0439435020) * X1)) + (1.1632953882 * X2)) ^ exp(((-0.1238009185) * X2))) + (0.8291514516 * X2)) + log(abs(0.4147703350)))
12;inf;(((0.8289602399 * X2) + (-0.8795073032)) + ((((2.5460271835 * X1) * (0.1622206718 * X1)) + (1.1636886597 * X2)) ^ exp(((-0.1247138828) * X2))))
9;nan;((((0.2293935418 * X1) * (1.1306450367 * X1)) * exp(((-0.3356759846) * X2))) + sqrt((6.2326984406 * X2)))
5;inf;((((-0.0053803921) * X1) * ((-37.9011573792) * X1)) + (0.9301272035 * X2))
14;nan;(((0.8292663097 * X2) + (-0.8800572157)) + (((((2.3587484360 * X1) * (0.1756648123 * X1)) + (1.2012192011 * X2)) + ((-0.0532152951) * X1)) ^ exp(((-0.1263796091) * X2))))
13;inf;((((((1.4426950216 * X1) * (0.2867350876 * X1)) + (1.1606996059 * X2)) ^ exp(((-0.1247138828) * X2))) + (0.8291514516 * X2)) + log(abs(0.4148054719)))
20;nan;((((-0.5908101201) + ((((((0.0949597135 * X1) * (1.4356302023 * X1)) + (0.3969743848 * X2)) + ((-0.0148980990) * X1)) ^ exp(((-0.2633706331) * X2))) * exp((0.1036053225 * X2)))) * 2.9073367119) + exp((0.0983857065 * X2)))
1;3.603003281207405;5.5323452950
19;nan;(((((((((-0.0082718376) * X1) * ((-72.0037460327) * X1)) + (1.3598233461 * X2)) + ((-0.0646361858) * X1)) ^ exp(((-0.2062894106) * X2))) * (0.6709464192 + (0.2184258848 * X2))) + (0.6140584946 * X2)) + log(abs(0.4692910314)))
18;inf;(((-0.7559832931) + ((((((0.1691694558 * X1) * (2.7218661308 * X1)) + (1.0685241222 * X2)) + ((-0.0500684977) * X1)) ^ exp(((-0.2138765901) * X2))) * (0.8733377457 + (0.2422823012 * X2)))) + (0.5715103745 * X2))
17;nan;((((((((3.8027656078 * X1) * ((-0.0131118586) * X1)) * log(abs(((-0.0000536128) * X1)))) + (1.2005944252 * X2)) + ((-0.0439371392) * X1)) ^ exp(((-0.1248394549) * X2))) + (0.8382339478 * X2)) + (-1.0114159584))
3;2.339913011890946;((6.2831854820 * X2) ^ 0.5251677632)
4;inf;(log(abs(((-2.2305054665) * X1))) + (0.8968759179 * X2))
2;10.91108234515999;exp((0.2329671532 * X2))
11;nan;(((((2.3587484360 * X1) * (0.1756648123 * X1)) * exp(((-0.3426546454) * X2))) + sqrt((13.5544357300 * X2))) + (-2.3872332573))
10;inf;((((((-0.0096498998) * X1) * ((-37.9011573792) * X1)) + (0.6262974143 * X2)) ^ exp(((-0.1263804734) * X2))) + (0.7703855038 * X2))
8;inf;((((2.3587484360 * X1) * (0.1756648123 * X1)) * exp(((-0.2855945528) * X2))) + (1.1238733530 * X2))
6;inf;log(abs((((2.2454102039 * X1) * (4.5071253777 * X1)) + (36.6115608215 * X2))))
16;nan;(((-0.4014124870) + ((0.3741558194 * X2) + ((((0.4910621047 * X2) + (((-0.0079342183) * X1) * ((-26.0132961273) * X1))) + ((-0.0222326312) * X1)) ^ exp(((-0.1704925299) * X2))))) * 1.9810214043)
15;inf;(((((((4.4072527885 * X1) * (0.0937289074 * X1)) + (1.1645971537 * X2)) + ((-0.0532152951) * X1)) ^ exp(((-0.1263804734) * X2))) + (0.8288236856 * X2)) * log(abs(0.4158256948)))
12;nan;(((0.8292880654 * X2) + (-0.8797169328)) + ((((2.6552436352 * X1) * (0.1557947844 * X1)) + (1.1645971537 * X2)) ^ exp(((-0.1244752109) * X2))))
9;inf;((((0.2293935418 * X1) * (1.1306450367 * X1)) * exp(((-0.3359932005) * X2))) + sqrt((6.2326984406 * X2)))
5;inf;((((-0.0053803921) * X1) * ((-37.2285079956) * X1)) + (0.9143790007 * X2))
14;nan;(((0.8289602399 * X2) + (-0.8795073032)) + ((((((-0.0140253566) * X1) * ((-29.4515762329) * X1)) + (1.2012192011 * X2)) + ((-0.0532152951) * X1)) ^ exp(((-0.1263804734) * X2))))
13;nan;((((((2.6552436352 * X1) * (0.1555672735 * X1)) + (1.1606996059 * X2)) ^ exp(((-0.1247053221) * X2))) + (0.8288236856 * X2)) * log(abs(0.4158256948)))
20;inf;(((-0.8728438616) + (((((((2.6265978813 * X1) * (0.2080088258 * X1)) + (1.2499241829 * X2)) + 0.1508254856) + ((-0.0592861250) * X1)) ^ exp(((-0.2121355385) * X2))) * (0.7315892577 + (0.2414079458 * X2)))) + (0.5980849266 * X2))
1;4.0197402765410954;4.8867931366
19;nan;(((((((((-0.0072011780) * X1) * ((-80.1813354492) * X1)) + (1.3201171160 * X2)) + ((-0.0626710877) * X1)) ^ exp(((-0.2073886991) * X2))) * (0.6922576427 + (0.2220015526 * X2))) + (0.6084761024 * X2)) + log(abs(0.4694268703)))
18;nan;(((-0.7689639926) + (((((((-0.0156590473) * X1) * ((-32.8821144104) * X1)) + ((-0.0558204092) * X1)) + (1.2151356936 * X2)) ^ exp(((-0.2045714110) * X2))) * (0.7800755501 + (0.2155036330 * X2)))) + (0.6040859222 * X2))
17;inf;(((-0.2737533152) + ((((((0.1121337563 * X1) * (1.2974212170 * X1)) + (0.4682447612 * X2)) + ((-0.0158827640) * X1)) ^ exp(((-0.2656055987) * X2))) * exp((0.1294449568 * X2)))) * 2.7146573067)
3;nan;((8.4433212280 * X2) ^ 0.5237470865)
4;inf;(log(abs(((-8.5891399384) * X1))) + (0.8976978660 * X2))
2;inf;exp((0.2330502868 * X2))
11;inf;((((-2.2269477844) + (((-2.0452160835) * X1) * ((-0.2081944793) * X1))) * exp(((-0.3407581151) * X2))) + sqrt((7.8712048531 * X2)))
10;inf;(((((0.1813484728 * X1) * (2.0043575764 * X1)) + (0.6345083117 * X2)) ^ exp(((-0.1247135922) * X2))) + (0.7674629092 * X2))
8;inf;(((((-0.0097424928) * X1) * ((-41.0766296387) * X1)) * exp(((-0.2593495548) * X2))) + (1.0859802961 * X2))
6;inf;log(abs((((1.9635996819 * X1) * (4.5071253777 * X1)) + (37.0268669128 * X2))))
16;inf;(((-0.4198516309) + ((0.3916643560 * X2) + (((((0.2390252054 * X1) * (0.8967697620 * X1)) + (0.5164105892 * X2)) + ((-0.0230732448) * X1)) ^ exp(((-0.1673481613) * X2))))) * 1.9094485044)
15;nan;(((((((2.6552436352 * X1) * (0.1557947844 * X1)) + (1.1645971537 * X2)) + ((-0.0532152951) * X1)) ^ exp(((-0.1263804734) * X2))) + (0.8288236856 * X2)) * log(abs(0.4158256948)))
12;nan;(((0.8292663097 * X2) + (-0.8800572157)) + (((((-0.0140253566) * X1) * ((-29.4515762329) * X1)) + (1.1645883322 * X2)) ^ exp(((-0.1244752109) * X2))))
9;nan;(sqrt((6.2326984406 * X2)) + (((1.5400243998 * X1) * (0.1684971005 * X1)) * exp(((-0.2764954567) * X2))))
5;inf;((((-0.0053803921) * X1) * ((-37.5862922668) * X1)) + (0.9260404706 * X2))
14;nan;(((((((2.5460271835 * X1) * (0.1622206718 * X1)) + (1.1636886597 * X2)) + ((-0.0569209680) * X1)) ^ exp(((-0.1263804734) * X2))) + (0.8296596408 * X2)) + (-0.8822721839))
13;inf;((((((2.5741376877 * X1) * (0.1623783112 * X1)) + (1.2040612698 * X2)) ^ exp(((-0.1247135922) * X2))) + (0.8392435312 * X2)) + log(abs(0.3588926792)))
20;nan;((log(abs(0.7945702672)) + (((((((-0.0065108133) * X1) * ((-19.8847084045) * X1)) + (0.3839343786 * X2)) + ((-0.0171398669) * X1)) ^ exp(((-0.2785476148) * X2))) * exp((0.1185825467 * X2)))) * ((0.0023853295 * X1) + 3.0439505577))
1;3.928581712129405;4.9617500305
19;nan;(((((((((-0.0072011780) * X1) * ((-80.1813354492) * X1)) + (1.3201171160 * X2)) + ((-0.0626710877) * X1)) ^ exp(((-0.2070211023) * X2))) * (0.6922576427 + (0.2220015526 * X2))) + (0.6084761024 * X2)) + log(abs(0.4694268703)))
18;inf;(((-0.7696434259) + ((((((6.1172685623 * X1) * (0.0783802494 * X1)) + (1.1347848177 * X2)) + ((-0.0520660728) * X1)) ^ exp(((-0.2062070966) * X2))) * ((0.2193739414 * X2) + 0.8419357538))) + (0.5952786207 * X2))
17;nan;(((((exp((log(abs((0.6921420097 * X1))) * 1.8749974966)) + ((-0.0439435020) * X1)) + (1.2040612698 * X2)) ^ exp(((-0.1247135922) * X2))) + (0.8392435312 * X2)) + log(abs(0.3588926792)))
3;2.072821493722895;((7.4708623886 * X2) ^ 0.5222283006)
4;inf;((0.8983830810 * X2) + log(abs(((-2.2305054665) * X1))))
2;10.719019900304232;exp((0.2357516885 * X2))
11;nan;(((((2.6552436352 * X1) * (0.1557947844 * X1)) * exp(((-0.3426546454) * X2))) + sqrt((13.5544357300 * X2))) + (-2.3872332573))
10;inf;(((((0.1813484728 * X1) * (2.0043575764 * X1)) + (0.6274289489 * X2)) ^ exp(((-0.1263804734) * X2))) + (0.7703855038 * X2))
8;inf;(((((-0.0100462968) * X1) * ((-41.2299003601) * X1)) * exp(((-0.2593495548) * X2))) + (1.1235936880 * X2))
6;inf;log(abs((((2.4595906734 * X1) * (4.1910572052 * X1)) + (37.0268669128 * X2))))
16;nan;(((-0.4404169321) + ((0.4112315774 * X2) + ((((((-0.0046895538) * X1) * ((-47.6085853577) * X1)) + (0.5448264480 * X2)) + ((-0.0240122285) * X1)) ^ exp(((-0.1640495658) * X2))))) * 1.8345611095)
15;inf;(log(abs(0.4138478935)) + ((((((4.4072527885 * X1) * (0.0937289074 * X1)) + ((-0.0439915806) * X1)) + (1.2040598392 * X2)) ^ exp(((-0.1247132123) * X2))) + (0.8296557665 * X2)))
12;nan;(((((((-0.0140253566) * X1) * ((-29.4515762329) * X1)) + (1.1633005142 * X2)) ^ exp(((-0.1243566573) * X2))) + (0.8288236856 * X2)) + (-0.8822721839))
9;inf;(sqrt((6.2326984406 * X2)) + (((1.5400243998 * X1) * (0.1684971005 * X1)) * exp(((-0.2763275504) * X2))))
5;inf;((0.9094204903 * X2) + (((-0.0070486334) * X1) * ((-28.1458549500) * X1)))
14;nan;(((((((2.5460271835 * X1) * (0.1622206718 * X1)) + (1.1636886597 * X2)) + ((-0.0569209680) * X1)) ^ exp(((-0.1262806505) * X2))) + (0.8296596408 * X2)) + (-0.8822721839))
13;nan;((((((2.6552436352 * X1) * (0.1557947844 * X1)) + (1.2040612698 * X2)) ^ exp(((-0.1263804734) * X2))) + (0.8288236856 * X2)) * log(abs(0.4158256948)))
20;inf;(((-0.7565101385) + (((((((2.0555894375 * X1) * (0.2896882594 * X1)) + (0.4556794167 * X2)) + (0.9038569331 * X2)) + ((-0.0646221936) * X1)) ^ exp(((-0.2062963396) * X2))) * (0.6710864305 + (0.2184489965 * X2)))) + (0.6140204072 * X2))
1;6.61528750862425;3.7967514992
19;inf;(((-0.7885667682) + ((((((1.4857467413 * X1) * (0.2582590580 * X1)) + (0.9775463343 * X2)) + ((-0.0416067503) * X1)) ^ exp(((-0.2078117877) * X2))) * exp(((0.1443120092 * X2) ^ 0.7153438926)))) + (0.5422296524 * X2))
18;nan;(((-0.7549207807) + (((((((-0.0053685312) * X1) * ((-84.6798248291) * X1)) + (1.0534348488 * X2)) + ((-0.0494474284) * X1)) ^ exp(((-0.2149858475) * X2))) * (0.8843089938 + (0.2456142008 * X2)))) + (0.5674547553 * X2))
17;inf;(((((exp((log(abs((0.6921420097 * X1))) * 1.8749974966)) + ((-0.0439435020) * X1)) + (1.2040612698 * X2)) ^ exp(((-0.1249003112) * X2))) + (0.8392435312 * X2)) + log(abs(0.3588926792)))
3;nan;((11.5051841736 * X2) ^ 0.5200681090)
4;inf;(log(abs(((-4.1705036163) * X1))) + (0.7227957845 * X2))
2;inf;exp((0.2377964705 * X2))
11;inf;(((((1.5203154087 * X1) * (0.2824146152 * X1)) * exp(((-0.3426546454) * X2))) + sqrt((13.5544357300 * X2))) + (-2.3872332573))
10;inf;(((((0.1729944944 * X1) * (2.0994572639 * X1)) + (0.6262974143 * X2)) ^ exp(((-0.1263796091) * X2))) + (0.7703855038 * X2))
8;inf;(((((-0.0140253566) * X1) * ((-29.4515762329) * X1)) * exp(((-0.2865769565) * X2))) + (1.1228830814 * X2))
6;inf;log(abs((((1.4620456696 * X1) * (5.5942749977 * X1)) + (34.5294418335 * X2))))
16;inf;(((0.8391372561 * X2) + (-1.0245776176)) + (((exp((log(abs((0.6938759685 * X1))) * 1.8685594797)) + ((-0.0572007038) * X1)) + (1.1946887970 * X2)) ^ exp(((-0.1247002855) * X2))))
15;nan;((((((1.1636345387 * X2) + ((3.0784609318 * X1) * (0.1345806718 * X1))) + ((-0.0532152951) * X1)) ^ exp(((-0.1263804734) * X2))) + (0.8288236856 * X2)) * log(abs(0.4158256948)))
12;nan;(((((((-0.0140253566) * X1) * ((-29.4515762329) * X1)) + (1.2040598392 * X2)) ^ exp(((-0.1262714714) * X2))) + (0.8288236856 * X2)) + (-0.8822721839))
9;nan;((((4.4557456970 * X1) * (0.0701707080 * X1)) * exp(((-0.3471885324) * X2))) + sqrt((6.2347302437 * X2)))
5;inf;((((-0.0053803921) * X1) * ((-37.5862922668) * X1)) + (0.9275628328 * X2))
14;nan;(((0.8391372561 * X2) + (-1.0245790482)) + (((((3.0784609318 * X1) * (0.1345806718 * X1)) + ((-0.0439435020) * X1)) + (1.2040612698 * X2)) ^ exp(((-0.1247135922) * X2))))
13;nan;(((((((-0.0112556899) * X1) * ((-36.9276542664) * X1)) + (1.2040612698 * X2)) ^ exp(((-0.1261364818) * X2))) + (0.8288236856 * X2)) + log(abs(0.4158256948)))
20;nan;(((-0.7562705278) + ((((((((-0.0166810919) * X1) * ((-35.0282936096) * X1)) + ((-0.0286485329) * X1)) + (1.3349375725 * X2)) + ((-0.0347713158) * X1)) ^ exp(((-0.2070377320) * X2))) * (0.6840826273 + (0.2208246589 * X2)))) + (0.6104515791 * X2))
1;3.8624118819273106;5.0230231285
19;nan;(((-0.2293394357) + ((((((((-0.0033147754) * X1) * ((-38.9903755188) * X1)) + (0.3828046322 * X2)) + ((-0.0166491438) * X1)) ^ exp(((-0.2787418664) * X2))) + (0.0009556509 * X1)) * exp((0.1184386835 * X2)))) * 3.0485653877)
18;nan;(((-0.7571373582) + (((((((-0.0052596037) * X1) * ((-84.9919586182) * X1)) + (1.0408400297 * X2)) + ((-0.0486116856) * X1)) ^ exp(((-0.2142504603) * X2))) * ((0.2431942225 * X2) + 0.9003331661))) + (0.5680892467 * X2))
17;nan;(((-0.2287095338) + ((((((1.7814855576 * X1) * (0.0724379420 * X1)) + (0.3816504478 * X2)) + ((-0.0141282510) * X1)) ^ exp(((-0.2725436091) * X2))) * exp((0.1183171570 * X2)))) * 3.0519330502)
3;2.2255756831051023;((6.8582243919 * X2) ^ 0.5174748302)
4;inf;((0.9094204903 * X2) + log(abs(((-2.2305054665) * X1))))
2;10.571469767546503;exp((0.2378995717 * X2))
11;nan;((((-2.2258009911) + ((2.3373599052 * X1) * (0.1810045987 * X1))) * exp(((-0.3472003043) * X2))) + sqrt((8.0575456619 * X2)))
10;inf;(((((0.1729944944 * X1) * (2.0994572639 * X1)) + (0.6262974143 * X2)) ^ exp(((-0.1261364818) * X2))) + (0.7703855038 * X2))
8;inf;(((((-0.0140253566) * X1) * ((-29.4515762329) * X1)) * exp(((-0.2870264351) * X2))) + (1.1238536835 * X2))
6;inf;log(abs((((1.4620456696 * X1) * (5.5942749977 * X1)) + (34.8290328979 * X2))))
16;nan;(((-0.4613263011) + ((0.4310547709 * X2) + (((((0.0609352402 * X1) * (3.8122811317 * X1)) + (0.5737880468 * X2)) + ((-0.0249639377) * X1)) ^ exp(((-0.1609477997) * X2))))) * 1.7643426657)
15;inf;(log(abs(0.4138478935)) + ((((((1.4857467413 * X1) * (0.2777028084 * X1)) + ((-0.0439453125) * X1)) + (1.2040598392 * X2)) ^ exp(((-0.1247132123) * X2))) + (0.8296557665 * X2)))
12;nan;(((0.8292188048 * X2) + (-0.8792264462)) + ((((2.6552436352 * X1) * (0.1555672735 * X1)) + (1.1606996059 * X2)) ^ exp(((-0.1238009185) * X2))))
9;inf;((((4.4557456970 * X1) * (0.0701707080 * X1)) * exp(((-0.3471885324) * X2))) + sqrt((6.2326984406 * X2)))
5;inf;(((3.7033092976 * X1) * (0.0572309531 * X1)) + (0.8893810511 * X2))
14;nan;(((((((2.6552436352 * X1) * (0.1557947844 * X1)) + (1.1636886597 * X2)) + ((-0.0569209680) * X1)) ^ exp(((-0.1247135922) * X2))) + (0.8296596408 * X2)) + (-0.8822721839))
13;nan;(((((((-0.0140253566) * X1) * ((-29.4515762329) * X1)) + (1.2012192011 * X2)) ^ exp(((-0.1249003112) * X2))) + (0.8288236856 * X2)) + log(abs(0.4158256948)))
20;nan;(((-0.7563088536) + ((((((((-0.0185078401) * X1) * ((-31.5825958252) * X1)) + (1.3353810310 * X2)) + ((-0.0500693023) * X1)) + ((-0.0133700641) * X1)) ^ exp(((-0.2070110738) * X2))) * (0.6836581230 + (0.2207467407 * X2)))) + (0.6105605960 * X2))
1;4.51007394569884;6.4847474098
19;inf;((((((((2.5515532494 * X1) * (0.2228935808 * X1)) + (1.3088488579 * X2)) + ((-0.0616773963) * X1)) ^ exp(((-0.2067323923) * X2))) * (0.7023478150 + (0.2207694203 * X2))) + (0.6079473495 * X2)) + log(abs(0.4684083462)))
18;nan;(((-0.7579216957) + ((((((0.5813992620 * X1) * (0.7606062293 * X1)) + (1.0315803289 * X2)) + ((-0.0480849594) * X1)) ^ exp(((-0.2141343504) * X2))) * ((0.2427473366 * X2) + 0.9102146626))) + (0.5675405264 * X2))
17;inf;(((-0.2292036563) + ((((((0.0958646536 * X1) * (1.3445317745 * X1)) + (0.3815441728 * X2)) + ((-0.0183127094) * X1)) ^ exp(((-0.2786191404) * X2))) * exp((0.1183171570 * X2)))) * 3.0437901020)
3;nan;((7.8936533928 * X2) ^ 0.5155773163)
4;inf;(log(abs(((-2.2305054665) * X1))) + (0.9143790007 * X2))
2;inf;exp((0.2398330271 * X2))
11;inf;(((((2.6552436352 * X1) * (0.1555672735 * X1)) * exp(((-0.3426546454) * X2))) + sqrt((13.5544357300 * X2))) + (-2.3872332573))
10;inf;(((((0.2715920806 * X1) * (1.3465714455 * X1)) + (0.6262974143 * X2)) ^ exp(((-0.1245955750) * X2))) + (0.7674629092 * X2))
8;inf;((1.1239676476 * X2) + (((2.3225119114 * X1) * (0.1782129556 * X1)) * exp(((-0.2878323495) * X2))))
6;inf;log(abs((((1.3116962910 * X1) * (6.2333111763 * X1)) + (34.9587402344 * X2))))
16;inf;(((((exp((log(abs((0.6912260652 * X1))) * 1.8764129877)) + ((-0.0438735075) * X1)) + (1.1645971537 * X2)) ^ exp(((-0.1263804734) * X2))) + (0.8296596408 * X2)) + (-0.8822721839))
15;nan;(((((((2.6552436352 * X1) * (0.1555672735 * X1)) + (1.1645883322 * X2)) + ((-0.0532152951) * X1)) ^ exp(((-0.1244752109) * X2))) + (0.8288236856 * X2)) * log(abs(0.4158256948)))
12;nan;(((0.8259650469 * X2) + (-0.9600636363)) + (((((-0.0140253566) * X1) * ((-29.4515762329) * X1)) + (1.2040612698 * X2)) ^ exp(((-0.1245955750) * X2))))
9;nan;((((2.5222549438 * X1) * (0.1028997973 * X1)) * exp(((-0.3377523124) * X2))) + sqrt((6.2326984406 * X2)))
5;inf;((((-0.0090626907) * X1) * ((-20.3068580627) * X1)) + (0.7711994648 * X2))
14;nan;(((0.8391372561 * X2) + (-1.0245776176)) + (((((2.3373599052 * X1) * (0.1810045987 * X1)) + ((-0.0437439978) * X1)) + (1.2045940161 * X2)) ^ exp(((-0.1247002855) * X2))))
13;nan;(((((((-0.0109901940) * X1) * ((-37.9011573792) * X1)) + (1.1606981754 * X2)) ^ exp(((-0.1253114194) * X2))) + (0.8288236856 * X2)) * log(abs(0.4158256948)))
20;nan;(((-0.7564036846) + (((((((2.8893103600 * X1) * (0.2033238560 * X1)) + (1.3418066502 * X2)) + ((-0.0563941412) * X1)) + ((-0.0073566609) * X1)) ^ exp(((-0.2068053186) * X2))) * (0.6800293922 + (0.2200930566 * X2)))) + (0.6115403175 * X2))
1;3.8424301659975377;5.0430321693
19;nan;(((-0.2471334636) + (((((((-0.2120810747) * X1) * ((-0.6487742662) * X1)) + (0.4088122845 * X2)) + ((-0.0150610339) * X1)) ^ exp(((-0.2755132318) * X2))) * exp((0.1551335901 * X2)))) * (((-0.0841536075) * X2) + 2.8753824234))
18;nan;(((-0.7574661970) + (((((((-0.0043622344) * X1) * ((-101.3385238647) * X1)) + (1.0304456949 * X2)) + ((-0.0480621457) * X1)) ^ exp(((-0.2143500298) * X2))) * (0.9099244475 + (0.2434670031 * X2)))) + (0.5668910146 * X2))
17;nan;(((0.8418909311 * X2) + (-1.0630717278)) + ((((((4.1243457794 * X1) * ((-0.0168245584) * X1)) * log(abs(((-0.0005429994) * X1)))) + (1.2156616449 * X2)) + ((-0.0439157076) * X1)) ^ exp(((-0.1243440062) * X2))))
3;2.087664612245927;((8.6948938370 * X2) ^ 0.5142599940)
4;inf;(log(abs(((-7.5497078896) * X1))) + (0.7143709064 * X2))
2;10.405742197546124;exp((0.2403224558 * X2))
11;nan;(((((2.3587484360 * X1) * (0.1756648123 * X1)) * exp(((-0.3460848927) * X2))) + sqrt((13.5544357300 * X2))) + (-2.3872332573))
10;inf;((((((-0.0096498998) * X1) * ((-38.9761962891) * X1)) + (0.6345083117 * X2)) ^ exp(((-0.1247002855) * X2))) + (0.7675073743 * X2))
8;inf;(((((-2.1148412228) * X1) * ((-0.1953275055) * X1)) * exp(((-0.2880603671) * X2))) + (1.1238733530 * X2))
6;inf;log(abs((((1.5400243998 * X1) * (5.5557599068 * X1)) + (36.6115608215 * X2))))
16;nan;(((((exp((log(abs((0.6912260652 * X1))) * 1.8764129877)) + ((-0.0439453125) * X1)) + (1.1606981754 * X2)) ^ exp(((-0.1262680590) * X2))) + (0.8296596408 * X2)) + (-0.8822721839))
15;nan;((((((((-0.0140253566) * X1) * ((-29.4515762329) * X1)) + (1.2012192011 * X2)) + ((-0.0532152951) * X1)) ^ exp(((-0.1263804734) * X2))) + (0.8288236856 * X2)) * log(abs(0.4158256948)))
12;nan;(((((((-0.0140253566) * X1) * ((-29.4515762329) * X1)) + (1.2040612698 * X2)) ^ exp(((-0.1245955750) * X2))) + (0.8296596408 * X2)) + (-0.8822721839))
9;inf;((((2.5222549438 * X1) * (0.1028997973 * X1)) * exp(((-0.3377523124) * X2))) + sqrt((6.2347302437 * X2)))
5;inf;((((-0.0070486334) * X1) * ((-28.9302864075) * X1)) + (0.8539808989 * X2))
14;inf;(((0.8391372561 * X2) + (-1.0245790482)) + (((((2.3373599052 * X1) * (0.1810045987 * X1)) + ((-0.0439435020) * X1)) + (1.2040612698 * X2)) ^ exp(((-0.1261364818) * X2))))
13;nan;(((((((-0.0112556899) * X1) * ((-36.9276542664) * X1)) + (1.2040612698 * X2)) ^ exp(((-0.1261365265) * X2))) + (0.8392435312 * X2)) + log(abs(0.3588926792)))
20;nan;(((-0.7560122013) + (((((((2.4353857040 * X1) * (0.2344825864 * X1)) + (1.3059749603 * X2)) + ((-0.0451381952) * X1)) + ((-0.0168578662) * X1)) ^ exp(((-0.2078934163) * X2))) * (0.7002854943 + (0.2235811949 * X2)))) + (0.6062019467 * X2))
1;4.168858553055205;4.7801113129
19;nan;(((-0.7644998431) + (((((((-0.0067536202) * X1) * ((-59.9108695984) * X1)) + (0.9974710941 * X2)) + ((-0.0441122837) * X1)) ^ exp(((-0.2247850150) * X2))) * ((0.3800328374 * X2) + exp(((-0.1146940142) * X2))))) + (0.4833327234 * X2))
18;nan;(((-0.7550307512) + ((((((3.9193341732 * X1) * (0.1084200591 * X1)) + (0.9891191721 * X2)) + ((-0.0462361947) * X1)) ^ exp(((-0.2165531516) * X2))) * ((0.2497404963 * X2) + 0.9474368691))) + (0.5576955676 * X2))
17;inf;(((((exp((log(abs((0.6922776699 * X1))) * 1.8745564222)) + ((-0.0438735075) * X1)) + (1.1633005142 * X2)) ^ exp(((-0.1247135922) * X2))) + (0.8392435312 * X2)) + log(abs(0.3588926792)))
3;nan;((7.6919007301 * X2) ^ 0.5132693648)
4;inf;(log(abs((12.6498889923 * X1))) + (0.9231189489 * X2))
2;inf;exp((0.2404005229 * X2))
11;inf;(((((2.6552436352 * X1) * (0.1557947844 * X1)) * exp(((-0.3460848927) * X2))) + sqrt((13.5544357300 * X2))) + (-2.3872332573))
10;inf;(((((0.2715920806 * X1) * (1.3465714455 * X1)) + (0.6344148517 * X2)) ^ exp(((-0.1220583469) * X2))) + (0.7674629092 * X2))
8;inf;((((0.6969442368 * X1) * (0.5943051577 * X1)) * exp(((-0.2881353199) * X2))) + (1.1235852242 * X2))
6;inf;log(abs((((1.4770755768 * X1) * (5.8398356438 * X1)) + (37.1326522827 * X2))))
16;inf;(((-0.4198516309) + ((0.3916643560 * X2) + (((((0.2390252054 * X1) * (0.8967697620 * X1)) + (0.5164105892 * X2)) + ((-0.0230732448) * X1)) ^ exp(((-0.1631443501) * X2))))) * 1.9094485044)
15;nan;(((((((2.5460271835 * X1) * (0.1622206718 * X1)) + (1.1636886597 * X2)) + ((-0.0569209680) * X1)) ^ exp(((-0.1263804734) * X2))) + (0.8291514516 * X2)) + log(abs(0.4147703350)))
12;inf;(((0.8386385441 * X2) + (-1.0214923620)) + ((((2.3587484360 * X1) * (0.1756648123 * X1)) + (1.2012192011 * X2)) ^ exp(((-0.1245838404) * X2))))
9;nan;((((2.5222549438 * X1) * (0.1028997973 * X1)) * exp(((-0.3380253613) * X2))) + sqrt((6.2347302437 * X2)))
5;inf;(((2.5222549438 * X1) * (0.1028997973 * X1)) + (1.0859802961 * X2))
14;nan;(((0.8392431140 * X2) + (-1.0247366428)) + (((((3.7033092976 * X1) * (0.1134670675 * X1)) + ((-0.0439453125) * X1)) + (1.2040598392 * X2)) ^ exp(((-0.1217943281) * X2))))
13;inf;((((((2.6552436352 * X1) * (0.1557947844 * X1)) + (1.2040598392 * X2)) ^ exp(((-0.1238009185) * X2))) + (0.8291514516 * X2)) + log(abs(0.4147703350)))
20;nan;(((-0.7559247017) + (((((((0.6198673248 * X1) * (0.9117404222 * X1)) + (1.2931884527 * X2)) + ((-0.0471925288) * X1)) + ((-0.0141700944) * X1)) ^ exp(((-0.2082621157) * X2))) * (0.7078251243 + (0.2247703820 * X2)))) + (0.6043167114 * X2))
1;4.116340428548542;4.8158693314
19;nan;(((-0.2579688728) + ((((((0.2223627269 * X1) * (0.6367521286 * X1)) + (0.4289543033 * X2)) + ((-0.0154916774) * X1)) ^ exp(((-0.2724190056) * X2))) * exp((0.1584675163 * X2)))) * (((-0.0835157856) * X2) + 2.7968895435))
18;nan;(((-0.7572397590) + (((((((-0.0102601368) * X1) * ((-40.9697532654) * X1)) + (0.9825910926 * X2)) + ((-0.0457371511) * X1)) ^ exp(((-0.2156919837) * X2))) * (0.9590920210 + (0.2467583120 * X2)))) + (0.5593595505 * X2))
17;nan;((((((((3.0784609318 * X1) * (0.0582509935 * X1)) + (0.4055418968 * X2)) + ((-0.0193825681) * X1)) ^ exp(((-0.1833929867) * X2))) + (0.3146696091 * X2)) + log(abs(0.7125110030))) * 2.2732584476)
3;2.838859470260208;((2.8922286034 * X2) ^ 0.6834335923)
4;inf;(log(abs(((-2.2305054665) * X1))) + (0.9259766340 * X2))
2;10.334618607461438;exp((0.2413659990 * X2))
11;nan;((((-2.2258009911) + ((2.3373599052 * X1) * (0.1810045987 * X1))) * exp(((-0.3336045146) * X2))) + sqrt((7.8723530769 * X2)))
10;inf;((((((-0.0096498998) * X1) * ((-38.9761962891) * X1)) + (0.6345083117 * X2)) ^ exp(((-0.1244752109) * X2))) + (0.7675023675 * X2))
8;inf;(((((-0.0141976355) * X1) * ((-29.1802616119) * X1)) * exp(((-0.2882902026) * X2))) + (1.1236622334 * X2))
6;inf;log(abs((((1.8421859741 * X1) * (5.8656582832 * X1)) + (37.7319450378 * X2))))
16;nan;(((-0.8299587369) + (((((((-0.0057015913) * X1) * ((-44.7240104675) * X1)) + (0.6469001770 * X2)) + ((-0.0273763463) * X1)) ^ exp(((-0.1541435868) * X2))) * 1.6094247103)) + (0.7751175761 * X2))
15;inf;(((((((2.3587484360 * X1) * (0.1756648123 * X1)) + (1.1636886597 * X2)) + ((-0.0569209680) * X1)) ^ exp(((-0.1262688041) * X2))) + (0.8291514516 * X2)) + log(abs(0.4147703350)))
12;nan;(((0.8391372561 * X2) + (-1.0245776176)) + ((((2.5741376877 * X1) * (0.1608899236 * X1)) + (1.2045940161 * X2)) ^ exp(((-0.1249003112) * X2))))
9;inf;(sqrt((6.2341465950 * X2)) + (((1.5400243998 * X1) * (0.1684971005 * X1)) * exp(((-0.3380253613) * X2))))
5;inf;((0.9094204903 * X2) + (((-0.0070486334) * X1) * ((-27.9958400726) * X1)))
14;inf;(((0.8399143219 * X2) + (-1.0355287790)) + (((((2.6552436352 * X1) * (0.1557947844 * X1)) + (1.2075093985 * X2)) + ((-0.0439246781) * X1)) ^ exp(((-0.1245955750) * X2))))
13;nan;((((((0.4700511694 * X1) * (0.8788001537 * X1)) + (1.0977501869 * X2)) ^ exp(((-0.1262714714) * X2))) + (0.8288236856 * X2)) * log(abs(0.4158256948)))
20;inf;(((-0.7556352615) + (((((((1.5168968439 * X1) * (0.3646780252 * X1)) + ((-0.0444886275) * X1)) + (1.2668914795 * X2)) + ((-0.0155871818) * X1)) ^ exp(((-0.2090744823) * X2))) * ((0.2273619175 * X2) + 0.7235054970))) + (0.6003041267 * X2))
1;4.221656780003459;4.7457995415
19;nan;(((-0.2499412596) + ((((((((-0.0037494460) * X1) * ((-36.5308685303) * X1)) + (0.3725706935 * X2)) + ((-0.0148741463) * X1)) ^ exp(((-0.2290216237) * X2))) + (0.1065023169 * X2)) * exp((0.0495584421 * X2)))) * 2.9071400166)
18;nan;(((-0.7449107766) + (((((((-0.0067651360) * X1) * ((-63.7721748352) * X1)) + (0.9869027734 * X2)) + ((-0.0469877124) * X1)) ^ exp(((-0.2214946002) * X2))) * ((0.2656686306 * X2) + 0.9298521280))) + (0.5449607372 * X2))
17;inf;(((-1.1995807886) + (exp((0.1059565395 * X2)) + (((((2.1235249043 * X1) * (0.0522552542 * X1)) + (0.2869783640 * X2)) + ((-0.0118903518) * X1)) ^ exp(((-0.2159132659) * X2))))) * 3.5396354198)
3;nan;((8.3530397415 * X2) ^ 0.5054090619)
4;inf;(log(abs((12.6498889923 * X1))) + (0.7071067691 * X2))
2;inf;exp((0.2420015037 * X2))
11;inf;(((((0.4700511694 * X1) * (0.8788001537 * X1)) * exp(((-0.3460848927) * X2))) + sqrt((13.5544357300 * X2))) + (-2.3872332573))
10;inf;((((((-0.0091658849) * X1) * ((-39.9427185059) * X1)) + (0.6334544420 * X2)) ^ exp(((-0.1221135929) * X2))) + (0.7688746452 * X2))
8;inf;((((2.2543091774 * X1) * (0.1838240772 * X1)) * exp(((-0.2884668708) * X2))) + (1.1237511635 * X2))
6;inf;log(abs((((1.5400243998 * X1) * (5.1610755920 * X1)) + (34.4458770752 * X2))))
16;inf;(((0.8259650469 * X2) + (-0.9600636363)) + (((exp((log(abs((0.6912260652 * X1))) * 1.8764129877)) + ((-0.0438735075) * X1)) + (1.1633005142 * X2)) ^ exp(((-0.1247107014) * X2))))
15;nan;(((((((2.5460271835 * X1) * (0.1622206718 * X1)) + (1.1636886597 * X2)) + ((-0.0569209680) * X1)) ^ exp(((-0.1249003112) * X2))) + (0.8291514516 * X2)) + log(abs(0.4147703350)))
12;inf;(((0.8391372561 * X2) + (-1.0245790482)) + ((((2.6552436352 * X1) * (0.1557947844 * X1)) + (1.2040612698 * X2)) ^ exp(((-0.1263796091) * X2))))
9;nan;(((((-0.0058122952) * X1) * ((-50.2934455872) * X1)) * exp(((-0.3407581151) * X2))) + sqrt((7.8712048531 * X2)))
5;inf;(((3.7033092976 * X1) * (0.0572309531 * X1)) + (0.8849584460 * X2))
14;nan;(((0.8392599225 * X2) + (-1.0263152122)) + ((((((-0.0109901940) * X1) * ((-37.5862922668) * X1)) + (1.2048256397 * X2)) + ((-0.0439285114) * X1)) ^ exp(((-0.1246835962) * X2))))
13;nan;(((((((-0.0100462968) * X1) * ((-41.2299003601) * X1)) + (1.2040612698 * X2)) ^ exp(((-0.1247135922) * X2))) + (0.8392435312 * X2)) + log(abs(0.3588926792)))
20;nan;(((-0.8174302578) + (((((((-0.0038897218) * X1) * ((-52.5373611450) * X1)) + (0.5641204715 * X2)) + ((-0.0222249459) * X1)) ^ exp(((-0.2121144235) * X2))) * (exp((0.1140944287 * X2)) + exp((0.0365506895 * X2))))) + (0.4728658795 * X2))
1;4.375704937429351;6.4113793373
19;nan;(((-0.2503943741) + ((((((((-0.1176641360) * X1) * ((-1.1659864187) * X1)) + (0.3726289272 * X2)) + ((-0.0148942834) * X1)) ^ exp(((-0.2285092771) * X2))) + (0.1079242826 * X2)) * exp((0.0489492789 * X2)))) * 2.9026904106)
18;nan;(((-0.7760865092) + (((((((-0.0061802175) * X1) * ((-71.3739852905) * X1)) + (1.0596365929 * X2)) + ((-0.0478912741) * X1)) ^ exp(((-0.2050021291) * X2))) * ((0.2144763470 * X2) + 0.9182492495))) + (0.5926777720 * X2))
17;nan;((((((((0.2845576704 * X1) * (0.6497136354 * X1)) + (0.4229845405 * X2)) + ((-0.0199658182) * X1)) ^ exp(((-0.1804159731) * X2))) + (0.3268718719 * X2)) + log(abs(0.7034455538))) * 2.2060999870)
3;2.8204586497301234;((2.8529028893 * X2) ^ 0.6907902956)
4;inf;(log(abs((12.6498889923 * X1))) + (0.9275628328 * X2))
2;10.23766190662967;exp((0.2427925169 * X2))
10;inf;(((((0.2716107965 * X1) * (1.3465714455 * X1)) + (0.6345156431 * X2)) ^ exp(((-0.1217973232) * X2))) + (0.7675033212 * X2))
9;inf;((((2.5222549438 * X1) * (0.1028997973 * X1)) * exp(((-0.3396377861) * X2))) + sqrt((6.2326984406 * X2)))
7;inf;((((1.9635996819 * X1) * (4.5071253777 * X1)) + (34.4458770752 * X2)) ^ (-0.0299878120))
6;inf;log(abs((((1.8421859741 * X1) * (5.8656582832 * X1)) + (37.5003929138 * X2))))
16;nan;(((0.8259650469 * X2) + (-0.9600636363)) + (((exp((log(abs((0.6922776699 * X1))) * 1.8745564222)) + ((-0.0438735075) * X1)) + (1.1633005142 * X2)) ^ exp(((-0.1247107014) * X2))))
15;inf;(((((((2.3373599052 * X1) * (0.1810045987 * X1)) + ((-0.0439435020) * X1)) + (1.2040612698 * X2)) ^ exp(((-0.1247135922) * X2))) + (0.8392435312 * X2)) + log(abs(0.3588926792)))
11;nan;(((((2.6552436352 * X1) * (0.1557947844 * X1)) * exp(((-0.3475869894) * X2))) + sqrt((13.5544357300 * X2))) + (-2.3872332573))
8;inf;((((0.3666186929 * X1) * (1.1306450367 * X1)) * exp(((-0.2886670232) * X2))) + (1.1238536835 * X2))
5;inf;((((-0.0053803921) * X1) * ((-36.7403144836) * X1)) + (0.9143790007 * X2))
14;inf;(((0.8399143219 * X2) + (-1.0355287790)) + (((((2.6552436352 * X1) * (0.1555672735 * X1)) + (1.2075093985 * X2)) + ((-0.0439246781) * X1)) ^ exp(((-0.1245955750) * X2))))
12;nan;(((0.8392431140 * X2) + (-1.0247366428)) + ((((2.6552436352 * X1) * (0.1557947844 * X1)) + (1.2040598392 * X2)) ^ exp(((-0.1247132123) * X2))))
20;inf;(((-0.3248993754) + ((((((0.2554875612 * X1) * (0.8477934599 * X1)) + (0.6526559591 * X2)) + ((-0.0237232484) * X1)) ^ exp(((-0.2860544324) * X2))) * ((0.1493787766 * X2) + 0.8609914780))) * ((0.2167452574 * X2) + 2.1122577190))
1;4.401502943292633;4.6387567520
19;inf;((((((((0.2207066417 * X1) * (2.1921980381 * X1)) + (1.1005419493 * X2)) + ((-0.0526514091) * X1)) ^ exp(((-0.2176307142) * X2))) * (0.8273258209 + (0.2538273931 * X2))) + (0.5658454895 * X2)) + log(abs(0.4741367102)))
18;nan;((-0.7496803403) + (((((((1.6998518705 * X1) * (0.0986405760 * X1)) + (0.4722597301 * X2)) + ((-0.0181385446) * X1)) ^ exp(((-0.2113793939) * X2))) + (0.1489666104 * X2)) * ((0.1482584924 * X2) + 2.3864951134)))
17;inf;((((((((0.3180862963 * X1) * (0.6050617695 * X1)) + (0.4470079541 * X2)) + ((-0.0207678173) * X1)) ^ exp(((-0.1766977906) * X2))) + (0.3435811400 * X2)) + log(abs(0.6912005544))) * 2.1218738556)
4;inf;(log(abs(((-2.2305054665) * X1))) + (0.9284875393 * X2))
5;inf;(((3.7033092976 * X1) * (0.0572309531 * X1)) + (0.8826169372 * X2))
3;nan;((2.5375041962 * X2) ^ 0.6924977899)
2;32.502896273480914;exp(((-0.6025002599) * X2))
11;nan;((((-2.2258009911) + (((-0.3639732003) * X1) * ((-1.1681659222) * X1))) * exp(((-0.3336045146) * X2))) + sqrt((7.8723530769 * X2)))
10;inf;(((((1.4857467413 * X1) * (0.2461527437 * X1)) + (0.6344258785 * X2)) ^ exp(((-0.1217700839) * X2))) + (0.7674667239 * X2))
8;inf;((((4.4557456970 * X1) * (0.0930538997 * X1)) * exp(((-0.2888508439) * X2))) + (1.1239492893 * X2))
7;24.750580748104156;((((2.3962104321 * X1) * (0.1608899236 * X1)) + (1.5148216486 * X2)) ^ (-0.0299878120))
16;nan;(((0.8259650469 * X2) + (-0.9600636363)) + (((exp((log(abs((0.6921413541 * X1))) * 1.8764129877)) + ((-0.0438735075) * X1)) + (1.1633005142 * X2)) ^ exp(((-0.1247107014) * X2))))
15;inf;(((((((2.5460271835 * X1) * (0.1622206718 * X1)) + (1.1636886597 * X2)) + ((-0.0569209680) * X1)) ^ exp(((-0.1245955750) * X2))) + (0.8288236856 * X2)) * log(abs(0.4158256948)))
12;nan;(((0.8292663097 * X2) + (-0.8800572157)) + ((((2.6552436352 * X1) * (0.1557947844 * X1)) + (1.1645971537 * X2)) ^ exp(((-0.1217943281) * X2))))
9;inf;((((2.5222549438 * X1) * (0.1028997973 * X1)) * exp(((-0.3396377861) * X2))) + sqrt((6.2341594696 * X2)))
6;inf;log(abs((((1.9635996819 * X1) * (3.9759008884 * X1)) + (34.3995246887 * X2))))
14;nan;(((0.8399143219 * X2) + (-1.0355287790)) + ((((((-0.0102497200) * X1) * ((-40.2570343018) * X1)) + (1.2075093985 * X2)) + ((-0.0439246781) * X1)) ^ exp(((-0.1245955750) * X2))))
13;nan;(log(abs(0.4138478935)) + (((((1.4426950216 * X1) * (0.2867350876 * X1)) + (1.1645883322 * X2)) ^ exp(((-0.1217986271) * X2))) + (0.8296557665 * X2)))
20;nan;(((-1.1822143793) + ((((((((-0.3004147410) * X1) * ((-1.2219001055) * X1)) + (0.8600475192 * X2)) + 0.3671195209) + ((-0.0398697630) * X1)) ^ exp(((-0.2319397628) * X2))) * (1.0954394341 + (0.3251646161 * X2)))) + (0.5148364902 * X2))
1;4.203573763240241;4.7573800087
19;nan;(((-0.2688005567) + ((((((((-0.1255722046) * X1) * ((-1.1659864187) * X1)) + (0.4538086951 * X2)) + ((-0.0161513295) * X1)) ^ exp(((-0.3044746220) * X2))) + ((-0.0408963636) * X2)) * exp((0.1758729368 * X2)))) * 2.7227132320)
18;nan;(((-0.2773068547) + ((0.1726753265 * X2) + (((((1.8006364107 * X1) * (0.0819936693 * X1)) + (0.3895868063 * X2)) + ((-0.0159891173) * X1)) ^ exp(((-0.2093492299) * X2))))) * exp(exp((0.0267183725 * X2))))
17;inf;(((-1.1873364449) + (exp((0.1035864726 * X2)) + (((((6.6602244377 * X1) * (0.0161777288 * X1)) + (0.2690917253 * X2)) + ((-0.0116497027) * X1)) ^ exp(((-0.2196944505) * X2))))) * 3.6178071499)
4;inf;(log(abs((12.6498889923 * X1))) + (0.9301272035 * X2))
5;inf;((((-0.0070486334) * X1) * ((-28.1458549500) * X1)) + (0.8247305155 * X2))
3;nan;((2.4356200695 * X2) ^ 0.6941886544)
2;10.084311440619288;exp((0.2450588346 * X2))
11;nan;((((-2.2258009911) + ((3.0784609318 * X1) * (0.1345806718 * X1))) * exp(((-0.3336045146) * X2))) + sqrt((7.8723530769 * X2)))
10;inf;((((((-0.0096493652) * X1) * ((-37.9011573792) * X1)) + (0.6344338655 * X2)) ^ exp(((-0.1217719615) * X2))) + (0.7692237496 * X2))
8;inf;((((1.5400243998 * X1) * (0.2692930400 * X1)) * exp(((-0.2890084982) * X2))) + (1.1240328550 * X2))
7;25.526926971321885;((((1.5400243998 * X1) * (5.8656582832 * X1)) + (34.4458770752 * X2)) ^ (-0.0299878120))
16;nan;(((0.7978135943 * X2) + (-0.5189815760)) + ((((((0.1604878306 * X1) * (2.5697205067 * X1)) + (1.0966203213 * X2)) + (-0.3412855566)) + ((-0.0440654159) * X1)) ^ exp(((-0.1300094873) * X2))))
15;nan;((((((((-0.0140253566) * X1) * ((-29.4515762329) * X1)) + ((-0.0439435020) * X1)) + (1.2040612698 * X2)) ^ exp(((-0.1247135922) * X2))) + (0.8392435312 * X2)) + log(abs(0.3588926792)))
12;nan;((((((2.5460271835 * X1) * (0.1622206718 * X1)) + (1.1606996059 * X2)) ^ exp(((-0.1217943281) * X2))) + (0.8288236856 * X2)) + (-0.8822721839))
9;inf;(sqrt((6.2341465950 * X2)) + (((1.5400243998 * X1) * (0.1684971005 * X1)) * exp(((-0.3396377861) * X2))))
6;inf;log(abs((((1.9635996819 * X1) * (3.9759008884 * X1)) + (34.5294418335 * X2))))
14;inf;(((0.8392431140 * X2) + (-1.0247366428)) + ((((((-0.3639732003) * X1) * ((-1.1681659222) * X1)) + ((-0.0439453125) * X1)) + (1.2040598392 * X2)) ^ exp(((-0.1247132123) * X2))))
13;nan;(((((((-0.0140253566) * X1) * ((-29.4515762329) * X1)) + (1.2040612698 * X2)) ^ exp(((-0.1261365265) * X2))) + (0.8392435312 * X2)) + log(abs(0.3588926792)))
20;nan;(((-0.2783211470) + (((((((-0.0041277516) * X1) * ((-52.0519943237) * X1)) + (0.6452458501 * X2)) + ((-0.0235500131) * X1)) ^ exp(((-0.2865550518) * X2))) * (0.7459651828 + (0.1299793571 * X2)))) * ((0.2460128665 * X2) + 2.4599802494))
1;5.1673396012254;6.7830791473
19;nan;(((-0.8226140738) + (((((((-0.0030807930) * X1) * ((-63.3895416260) * X1)) + (0.5358403921 * X2)) + ((-0.0212042816) * X1)) ^ exp(((-0.2061082572) * X2))) * (1.0904830694 + exp((0.1154270321 * X2))))) + (0.5066314340 * X2))
18;nan;(((-0.7633064985) + (((((((-0.0063971840) * X1) * ((-60.1524620056) * X1)) + (0.9119367599 * X2)) + ((-0.0418646745) * X1)) ^ exp(((-0.2145178318) * X2))) * (1.0512944460 + (0.2403932959 * X2)))) + (0.5570805669 * X2))
17;nan;((-0.5025453568) + ((((((0.1661113948 * X1) * (2.4337360859 * X1)) + ((1.2101136446 * X2) ^ 1.2874854803)) + ((-0.0432772823) * X1)) ^ exp(((-0.1979030073) * X2))) * exp((0.1958323568 * X2))))
3;nan;((2.5426714420 * X2) ^ 0.6948955059)
4;inf;(log(abs(((-4.1705036163) * X1))) + (0.7005884051 * X2))
2;inf;exp((0.2459009886 * X2))
10;inf;((((((-0.0096498998) * X1) * ((-38.9761962891) * X1)) + (0.6345083117 * X2)) ^ exp(((-0.1247002855) * X2))) + (0.7611940503 * X2))
9;nan;((((0.2293935418 * X1) * (1.1306450367 * X1)) * exp(((-0.3396329582) * X2))) + sqrt((6.2326984406 * X2)))
7;25.095810016482964;((((0.3543864191 * X1) * (4.3646097183 * X1)) + (5.8476500511 * X2)) ^ (-0.0299878120))
6;inf;log(abs((((1.4620456696 * X1) * (5.5942749977 * X1)) + (36.2153663635 * X2))))
16;nan;(((0.8004887104 * X2) + (-0.5491191149)) + (((((((-0.0140175242) * X1) * ((-29.4351310730) * X1)) + (1.1030297279 * X2)) + (-0.3150601387)) + ((-0.0440687239) * X1)) ^ exp(((-0.1297277957) * X2))))
15;nan;(((((((1.5403701067 * X1) * (0.2729946673 * X1)) + ((-0.0439435020) * X1)) + (1.2040612698 * X2)) ^ exp(((-0.1263804734) * X2))) + (0.8288236856 * X2)) * log(abs(0.4158256948)))
11;inf;((((-2.2269477844) + (((-2.0452160835) * X1) * ((-0.2081944793) * X1))) * exp(((-0.3336045146) * X2))) + sqrt((7.8712048531 * X2)))
8;inf;((((2.5460271835 * X1) * (0.1622206718 * X1)) * exp(((-0.2545078099) * X2))) + (1.1238733530 * X2))
5;inf;(((0.1898692399 * X1) * (0.9467850327 * X1)) + (0.8340258598 * X2))
14;nan;(((0.8292663097 * X2) + (-0.8800572157)) + (((((1.5403701067 * X1) * (0.2729946673 * X1)) + (1.1633131504 * X2)) + ((-0.0440105423) * X1)) ^ exp(((-0.1249003112) * X2))))
12;inf;(((0.8391372561 * X2) + (-1.0245776176)) + ((((2.6552436352 * X1) * (0.1555672735 * X1)) + (1.2045940161 * X2)) ^ exp(((-0.1249003112) * X2))))
20;nan;(((-0.2693149447) + (((((((1.5753383636 * X1) * (0.1064907163 * X1)) + (0.4735791087 * X2)) + ((-0.0182126481) * X1)) ^ exp(((-0.2330923676) * X2))) + (0.0956817269 * X2)) * ((0.0966387838 * X2) + 0.8950371742))) * 2.6446509361)
1;5.880568701231564;7.0415053368
19;nan;(((-0.2686308622) + ((((((((-0.0042502647) * X1) * ((-34.1092491150) * X1)) + (0.3889416456 * X2)) + ((-0.0157143883) * X1)) ^ exp(((-0.2173353881) * X2))) + (0.1393498927 * X2)) * exp((0.0392020941 * X2)))) * 2.7589344978)
18;nan;(((-0.7624598145) + (((((((-0.0057696248) * X1) * ((-64.6550445557) * X1)) + (0.8843016624 * X2)) + ((-0.0405875221) * X1)) ^ exp(((-0.2154279500) * X2))) * (1.0842058659 + (0.2422086000 * X2)))) + (0.5525363088 * X2))
17;nan;(((-0.2971733809) + ((((((0.2173286527 * X1) * (0.7095292807 * X1)) + (0.5153336525 * X2)) + ((-0.0168204382) * X1)) ^ exp(((-0.2592780590) * X2))) * exp((0.1346528828 * X2)))) * 2.5608422756)
4;inf;(log(abs(((-12.6413106918) * X1))) + (0.6931471825 * X2))
5;inf;((((-0.0053803921) * X1) * ((-37.5862922668) * X1)) + (0.8392599225 * X2))
3;3.5196681001657706;((5.5557866096 * X2) ^ 0.4989991188)
2;inf;exp((0.2487854064 * X2))
11;inf;((((-2.2269477844) + ((2.5460271835 * X1) * (0.1622467041 * X1))) * exp(((-0.3336045146) * X2))) + sqrt((7.8712048531 * X2)))
10;nan;(((((0.1813484728 * X1) * (2.0043575764 * X1)) + (0.6274289489 * X2)) ^ exp(((-0.1217636690) * X2))) + (0.7674540281 * X2))
8;inf;((1.1237428188 * X2) + (((0.0706462190 * X1) * (5.8656582832 * X1)) * exp(((-0.2561058700) * X2))))
7;inf;((((1.1217484474 * X1) * (1.6148784161 * X1)) + (7.2422308922 * X2)) ^ (-0.0299878120))
16;nan;(((0.7979686260 * X2) + (-0.5216966271)) + ((((((0.1610585600 * X1) * (2.5788590908 * X1)) + (1.0972801447 * X2)) + (-0.3394396305)) + ((-0.0440553650) * X1)) ^ exp(((-0.1299454719) * X2))))
15;nan;(((((((1.5403701067 * X1) * (0.2729946673 * X1)) + ((-0.0438735075) * X1)) + (1.1645971537 * X2)) ^ exp(((-0.1264788657) * X2))) + (0.8292583227 * X2)) + log(abs(0.4147703350)))
12;inf;(((((2.5460271835 * X1) * (0.1627573222 * X1)) + (1.2379606962 * X2)) ^ exp(((-0.1263796091) * X2))) + ((-1.0249346495) + (0.8390583396 * X2)))
9;nan;((((0.2293935418 * X1) * (1.1306450367 * X1)) * exp(((-0.3396329582) * X2))) + sqrt((6.2347302437 * X2)))
6;inf;log(abs((((1.7105311155 * X1) * (4.8228092194 * X1)) + (36.6115608215 * X2))))
14;nan;((((((1.1636345387 * X2) + ((3.0784609318 * X1) * (0.1364975572 * X1))) + ((-0.0532152951) * X1)) ^ exp(((-0.1263804734) * X2))) + (0.8296596408 * X2)) + (-0.8822721839))
13;inf;((((((2.6552436352 * X1) * (0.1555672735 * X1)) + (1.2040612698 * X2)) ^ exp(((-0.1247135922) * X2))) + (0.8392435312 * X2)) + log(abs(0.3588926792)))
20;nan;(((-0.2444787174) + ((((((((-0.0046549230) * X1) * ((-36.5308685303) * X1)) + (0.4814931750 * X2)) + ((-0.0184657145) * X1)) ^ exp(((-0.2341069579) * X2))) + (0.0930808038 * X2)) * ((0.0912785679 * X2) + 0.8027044535))) * 2.9071400166)
1;4.420098206365755;6.4362778664
19;nan;(((0.8509915471 * X2) + (-0.6520271301)) + ((((((7.7366280556 * X1) * (0.0519767590 * X1)) * exp((0.1391290277 * X2))) + ((-0.0540949591) * X1)) + ((0.8154663444 * X2) ^ 1.3237404823)) ^ exp(((-0.1732975096) * X2))))
18;nan;((-0.7229525447) + ((((((((-0.1158687845) * X1) * ((-1.2570866346) * X1)) + (0.3708852530 * X2)) + ((-0.0158016868) * X1)) ^ exp(((-0.2196652144) * X2))) + (0.1477356553 * X2)) * ((0.1148394197 * X2) + 2.7454924583)))
17;nan;(((((exp((log(abs((0.6927844882 * X1))) * 1.8729121685)) + ((-0.0438887291) * X1)) + (1.2291387320 * X2)) ^ exp(((-0.1241156384) * X2))) + (0.8288236856 * X2)) * log(abs(0.4158256948)))
4;inf;(log(abs(((-8.4818820953) * X1))) + (0.9490655661 * X2))
5;inf;((((-1.8757376671) * X1) * ((-0.0976596773) * X1)) + (0.8539808989 * X2))
3;3.5148275497377384;((5.5862150192 * X2) ^ 0.4982398450)
2;inf;exp((0.2548489869 * X2))
11;nan;((((((-0.0110829063) * X1) * ((-27.5165481567) * X1)) + (0.4660691619 * X2)) ^ (1.0896463394 + ((-0.1133248731) * X2))) + (0.8538174033 * X2))
10;inf;((((((-0.0096500050) * X1) * ((-37.9011573792) * X1)) + (0.6345322728 * X2)) ^ exp(((-0.1218011901) * X2))) + (0.7812397480 * X2))
8;inf;((((4.7109031677 * X1) * (0.0881857201 * X1)) * exp(((-0.2902499437) * X2))) + (1.1247310638 * X2))
7;inf;(((((-2.2852420807) * X1) * ((-0.0964227021) * X1)) + (0.8849584460 * X2)) ^ (-0.0299878120))
16;inf;((-0.9719902277) + (((1.1404423714 * X2) ^ 0.8746476173) + (((((6.3755259514 * X1) * (0.0652928278 * X1)) + (0.9241871238 * X2)) + ((-0.0446436293) * X1)) ^ exp(((-0.1326559037) * X2)))))
15;nan;(((((((0.1016081795 * X1) * (4.0053095818 * X1)) + ((-0.0439435020) * X1)) + (1.2040612698 * X2)) ^ exp(((-0.1263804734) * X2))) + (0.8288236856 * X2)) * log(abs(0.4158256948)))
12;inf;((((((1.5403701067 * X1) * (0.2729946673 * X1)) + (1.1645971537 * X2)) ^ exp(((-0.1262680590) * X2))) + (0.8296596408 * X2)) + (-0.8822721839))
9;nan;((((0.2293935418 * X1) * (1.1306450367 * X1)) * exp(((-0.3407581151) * X2))) + sqrt((6.2326984406 * X2)))
6;inf;log(abs((((1.7929943800 * X1) * (5.5942749977 * X1)) + (33.9956474304 * X2))))
14;nan;(((0.8291350007 * X2) + (-0.8800004125)) + ((((1.1636345387 * X2) + ((1.5403701067 * X1) * (0.2729946673 * X1))) + ((-0.0532152951) * X1)) ^ exp(((-0.1263796091) * X2))))
13;nan;(((((((-0.3639732003) * X1) * ((-1.1681659222) * X1)) + (1.2040612698 * X2)) ^ exp(((-0.1261365265) * X2))) + (0.8392435312 * X2)) + log(abs(0.3588926792)))
20;nan;(((-0.2350717783) + ((((((((-0.0047052144) * X1) * ((-34.8862152100) * X1)) + (0.4609164298 * X2)) + ((-0.0178149622) * X1)) ^ exp(((-0.2304184735) * X2))) + (0.1023307517 * X2)) * ((0.0768599510 * X2) + 0.7949739695))) * 3.0472085476)
1;4.246489641194928;4.7301688194
19;nan;(((-0.2768240273) + ((((((((-0.0044048168) * X1) * ((-33.7236595154) * X1)) + (0.3960281610 * X2)) + ((-0.0160914715) * X1)) ^ exp(((-0.2128873318) * X2))) + (0.1535098255 * X2)) * exp((0.0353237055 * X2)))) * 2.6974935532)
18;inf;((log(abs(0.7952519655)) + ((((((0.2073724121 * X1) * (0.6228386164 * X1)) + (0.3822432458 * X2)) + ((-0.0141424173) * X1)) ^ exp(((-0.2788069248) * X2))) * exp((0.1183732450 * X2)))) * 3.0507130623)
17;nan;(((((exp((log(abs((0.6912260652 * X1))) * 1.8764129877)) + ((-0.0439435020) * X1)) + (1.2040612698 * X2)) ^ exp(((-0.1263804734) * X2))) + (0.8288236856 * X2)) * log(abs(0.4158256948)))
4;inf;(log(abs(((-2.3270630836) * X1))) + (0.9577413201 * X2))
5;inf;((((-0.0053803921) * X1) * ((-36.7403144836) * X1)) + (0.9227712154 * X2))
3;2.049244688300707;((8.5328807831 * X2) ^ 0.4970392585)
2;inf;exp((0.2552619874 * X2))
11;inf;((((-2.2270238400) + ((2.6552436352 * X1) * (0.1557947844 * X1))) * exp(((-0.3460848927) * X2))) + sqrt((7.8712735176 * X2)))
10;inf;(((((1.3938927650 * X1) * (0.2743325830 * X1)) + (0.6344208121 * X2)) ^ exp(((-0.1262784749) * X2))) + (0.7674639225 * X2))
8;inf;((((3.0784609318 * X1) * (0.1364975572 * X1)) * exp(((-0.2880603671) * X2))) + (1.1238733530 * X2))
7;inf;(((((-2.2852420807) * X1) * ((-0.0964227021) * X1)) + (0.8893810511 * X2)) ^ (-0.0299878120))
16;inf;((((1.9059281349 * X2) ^ 0.7346494794) + (-1.2124801874)) + (((((2.3331644535 * X1) * (0.1806802005 * X1)) + ((-0.0457158834) * X1)) + (0.6382326484 * X2)) ^ exp(((-0.1427214444) * X2))))
15;nan;(((0.8292880654 * X2) + (-0.8797169328)) + ((((((-0.0056732730) * X1) * ((-72.7878341675) * X1)) * exp(((-0.0058981017) * X1))) + (1.1629943848 * X2)) ^ exp(((-0.1263804734) * X2))))
12;inf;((((((-2.0452160835) * X1) * ((-0.2081944793) * X1)) + (1.2379606962 * X2)) ^ exp(((-0.1263796091) * X2))) + ((-1.0249346495) + (0.8390583396 * X2)))
9;nan;((((0.2293935418 * X1) * (1.1306450367 * X1)) * exp(((-0.3407581151) * X2))) + sqrt((6.2347302437 * X2)))
6;inf;log(abs((((1.1657102108 * X1) * (6.6616678238 * X1)) + (34.8241386414 * X2))))
14;nan;((((((((-0.0102471886) * X1) * ((-40.2470893860) * X1)) + (1.0972801447 * X2)) + (-0.3394396305)) + ((-0.0440553650) * X1)) ^ exp(((-0.1299454719) * X2))) + (0.7703855038 * X2))
13;inf;((((((1.5403701067 * X1) * (0.2729946673 * X1)) + (1.1606996059 * X2)) ^ exp(((-0.1261364818) * X2))) + (0.8291514516 * X2)) + log(abs(0.4148054719)))
20;nan;(((((((((-0.0056195813) * X1) * ((-72.0014266968) * X1)) + (0.9996620417 * X2)) + ((-0.0441201404) * X1)) ^ exp(((-0.2257432640) * X2))) * (exp(((-0.1198257729) * X2)) + (0.3874172568 * X2))) + (0.4771411121 * X2)) + log(abs(0.4657821953)))
1;3.723303197125411;5.1855020523
19;nan;((log(abs(0.4749080241)) + (((((((-0.0078489436) * X1) * ((-54.8785133362) * X1)) + (0.9850497246 * X2)) + ((-0.0469147414) * X1)) ^ exp(((-0.2216734290) * X2))) * ((0.2662396431 * X2) + 0.9313355088))) + (0.5443000197 * X2))
18;inf;((log(abs(0.7951330543)) + ((((((0.2208681554 * X1) * (0.5848270655 * X1)) + (0.3825853765 * X2)) + ((-0.0141314296) * X1)) ^ exp(((-0.2786729336) * X2))) * exp((0.1184100658 * X2)))) * 3.0473167896)
17;nan;(((0.8391372561 * X2) + log(abs(0.3593298793))) + (((exp((log(abs((0.6922776699 * X1))) * 1.8745564222)) + ((-0.0573644713) * X1)) + (1.2045940161 * X2)) ^ exp(((-0.1247002855) * X2))))
3;2.057095447938968;((8.5943908691 * X2) ^ 0.4945369959)
4;inf;((0.6813560128 * X2) + log(abs((12.6498889923 * X1))))
2;9.369048243843952;exp((0.2558373809 * X2))
10;inf;(((((1.3938927650 * X1) * (0.2743325830 * X1)) + (0.6262974143 * X2)) ^ exp(((-0.1263804734) * X2))) + (0.7703855038 * X2))
9;inf;((((2.5222549438 * X1) * (0.1028997973 * X1)) * exp(((-0.3418656886) * X2))) + sqrt((6.2326984406 * X2)))
7;inf;((((1.4857467413 * X1) * (1.0412721634 * X1)) + (6.2831854820 * X2)) ^ (-0.0299878120))
6;inf;log(abs((((3.3738927841 * X1) * (3.3208110332 * X1)) + (37.7319450378 * X2))))
16;nan;((((2.0173075199 * X2) ^ 0.7223213315) + (-1.2446161509)) + (((((1.2385634184 * X1) * (0.3408381641 * X1)) + (0.6129812002 * X2)) + ((-0.0458329171) * X1)) ^ exp(((-0.1438035816) * X2))))
15;inf;(((((((1.2274310589 * X1) * (0.3420194685 * X1)) + (1.1636886597 * X2)) + ((-0.0569209680) * X1)) ^ exp(((-0.1262688041) * X2))) + (0.8291514516 * X2)) + log(abs(0.4148054719)))
11;nan;((((-2.2258009911) + ((2.3225119114 * X1) * (0.1782129556 * X1))) * exp(((-0.3472003043) * X2))) + sqrt((7.8723530769 * X2)))
8;inf;((((1.5403701067 * X1) * (0.2729946673 * X1)) * exp(((-0.2880603671) * X2))) + (1.1238733530 * X2))
5;inf;((0.9094204903 * X2) + (((-2.2852420807) * X1) * ((-0.0964227021) * X1)))
14;inf;((((((2.6552436352 * X1) * (0.1555672735 * X1)) + (1.1606996059 * X2)) ^ exp(((-0.1262688041) * X2))) + ((-0.0135594634) * X1)) + ((-0.8774907589) + (0.8288239241 * X2)))
12;nan;(((-1.0251501799) + (0.8391699791 * X2)) + (((((-0.0109901940) * X1) * ((-37.5862922668) * X1)) + (1.1633005142 * X2)) ^ exp(((-0.1217943281) * X2))))
20;nan;((log(abs(0.4655633569)) + (((((((-0.0078415629) * X1) * ((-51.5987854004) * X1)) + (0.9974302053 * X2)) + ((-0.0441121385) * X1)) ^ exp(((-0.2247685045) * X2))) * (exp(((-0.1146023870) * X2)) + (0.3799026906 * X2)))) + (0.4834411740 * X2))
1;3.6596813005845448;5.2942733765
19;nan;(log(abs(0.4705336690)) + ((((((((-0.0040415521) * X1) * ((-36.5308685303) * X1)) + (0.3897055387 * X2)) + ((-0.0159904733) * X1)) ^ exp(((-0.2093893141) * X2))) + (0.1651088893 * X2)) * exp(exp((0.0267887581 * X2)))))
18;nan;(((-0.7639537454) + (((((((-0.0057863174) * X1) * ((-62.6258964539) * X1)) + (0.8620096445 * X2)) + ((-0.0394211337) * X1)) ^ exp(((-0.2150644064) * X2))) * (1.1169651747 + (0.2396515906 * X2)))) + (0.5521777272 * X2))
17;inf;(((-1.2172185183) + (exp((0.1140092760 * X2)) + (((((1.8650479317 * X1) * (0.0637347698 * X1)) + (0.3285221457 * X2)) + ((-0.0128012802) * X1)) ^ exp(((-0.2043239176) * X2))))) * 3.3125567436)
4;inf;(log(abs(((-2.7327084541) * X1))) + (0.9719033837 * X2))
5;inf;(((1.4142135382 * X1) * (0.1377406567 * X1)) + (0.8020051718 * X2))
3;nan;((8.6503591537 * X2) ^ 0.4937229455)
2;9.251946995765609;exp((0.2576431036 * X2))
11;nan;((((-2.2258009911) + ((2.6552436352 * X1) * (0.1557947844 * X1))) * exp(((-0.3471885324) * X2))) + sqrt((7.8723530769 * X2)))
10;inf;(((((1.3938927650 * X1) * (0.2743325830 * X1)) + (0.6262974143 * X2)) ^ exp(((-0.1261364818) * X2))) + (0.7703855038 * X2))
8;inf;((((2.6552436352 * X1) * (0.1557947844 * X1)) * exp(((-0.2855945528) * X2))) + (1.1579173803 * X2))
7;24.738684019879496;((((1.3938927650 * X1) * (0.2743325830 * X1)) + (1.4142135382 * X2)) ^ (-0.0299878120))
16;nan;((((1.4350455999 * X2) ^ 0.8051480055) + (-1.0675306320)) + (((((2.3587484360 * X1) * (0.1756648123 * X1)) + (0.7833248377 * X2)) + ((-0.0451255143) * X1)) ^ exp(((-0.1372054815) * X2))))
15;nan;((((((((-0.0109901940) * X1) * ((-37.5862922668) * X1)) + (1.1633005142 * X2)) + ((-0.0196204521) * X1)) ^ exp(((-0.1262714714) * X2))) + (0.8288236856 * X2)) * log(abs(0.4158256948)))
12;nan;(((0.8348298073 * X2) + (-0.8377066255)) + (((((-0.2646175325) * X1) * ((-1.5477635860) * X1)) + (1.1019406319 * X2)) ^ exp(((-0.1225642264) * X2))))
9;inf;((((0.2293935418 * X1) * (1.1306450367 * X1)) * exp(((-0.2717018723) * X2))) + sqrt((6.2326984406 * X2)))
6;inf;log(abs((((1.8421859741 * X1) * (5.8656582832 * X1)) + (36.2153663635 * X2))))
14;nan;(((0.8288255930 * X2) + (-0.8774930239)) + ((((((-0.0097909346) * X1) * ((-42.1889953613) * X1)) + (1.1606993675 * X2)) ^ exp(((-0.1261369288) * X2))) + ((-0.0135594448) * X1)))
13;nan;(log(abs(0.4138478935)) + (((((1.4142135382 * X1) * (0.2867350876 * X1)) + (1.1645883322 * X2)) ^ exp(((-0.1263796091) * X2))) + (0.8296557665 * X2)))
20;nan;(((-1.3071078062) + ((((((((-0.0040885569) * X1) * ((-39.0544700623) * X1)) + (0.4937121570 * X2)) + ((-0.0174143594) * X1)) ^ exp(((-0.2497219890) * X2))) + exp(((-0.0590127856) * X2))) * exp((0.1143103912 * X2)))) * 2.5023686886)
1;4.741117694917819;4.4655203819
19;inf;((-2.6369044781) + (((((((2.1828284264 * X1) * (0.0957222059 * X1)) + (0.5253271461 * X2)) + ((-0.0227834173) * X1)) ^ exp(((-0.2391893119) * X2))) + exp((0.0284834839 * X2))) * ((0.2938365936 * X2) + 1.9182273149)))
18;nan;(((-0.7632240653) + (((((((-0.0086958492) * X1) * ((-40.6833648682) * X1)) + (0.8413317204 * X2)) + ((-0.0384955406) * X1)) ^ exp(((-0.2158947438) * X2))) * (1.1442015171 + (0.2411718816 * X2)))) + (0.5484908819 * X2))
17;nan;(((0.8399143219 * X2) + (-1.0355287790)) + ((((((3.9819324017 * X1) * ((-0.0162436087) * X1)) * log(abs((0.0003564751 * X1)))) + (1.2122218609 * X2)) + ((-0.0574279912) * X1)) ^ exp(((-0.1261364818) * X2))))
4;inf;(log(abs((11.0710773468 * X1))) + (0.6768240333 * X2))
5;inf;((((-2.1148412228) * X1) * ((-0.0964227021) * X1)) + (0.8392599225 * X2))
3;nan;((8.2622156143 * X2) ^ 0.4920913875)
2;9.17335989818347;exp((0.2588628829 * X2))
11;nan;((((-2.2270238400) + ((2.6552436352 * X1) * (0.1557947844 * X1))) * exp(((-0.3475869894) * X2))) + sqrt((7.8712735176 * X2)))
10;inf;(((((0.2367660850 * X1) * (1.6148784161 * X1)) + (0.6344338655 * X2)) ^ exp(((-0.1217719615) * X2))) + (0.7692237496 * X2))
8;inf;((((3.0784609318 * X1) * (0.1345806718 * X1)) * exp(((-0.2561058700) * X2))) + (1.1199111938 * X2))
7;24.757176940586547;((((2.5460271835 * X1) * (0.1622467041 * X1)) + (1.5148216486 * X2)) ^ (-0.0299878120))
16;nan;(((0.8131165504 * X2) + (-0.8031626940)) + (((((4.4557456970 * X1) * (0.0926112160 * X1)) + ((-0.0439221971) * X1)) + ((1.0718353987 * X2) ^ 1.0565114021)) ^ exp(((-0.1264824569) * X2))))
15;inf;(((((((2.3373599052 * X1) * (0.1810045987 * X1)) + ((-0.0439453125) * X1)) + (1.1606996059 * X2)) ^ exp(((-0.1264823973) * X2))) + (0.8288236856 * X2)) * log(abs(0.4158256948)))
12;nan;(((0.8289602399 * X2) + (-0.8795073032)) + ((((2.5222549438 * X1) * (0.1604871452 * X1)) + (1.1606981754 * X2)) ^ exp(((-0.1244752109) * X2))))
9;inf;((((0.2293935418 * X1) * (1.1306450367 * X1)) * exp(((-0.3418656886) * X2))) + sqrt((6.2326984406 * X2)))
6;inf;log(abs((((1.8447451591 * X1) * (5.8656582832 * X1)) + (36.2153663635 * X2))))
14;inf;((((((2.6552436352 * X1) * (0.1555672735 * X1)) + (1.1645971537 * X2)) ^ exp(((-0.1262688041) * X2))) + ((-0.0135594634) * X1)) + ((-0.8774907589) + (0.8288239241 * X2)))
13;nan;((((((2.3373599052 * X1) * (0.1810045987 * X1)) + (1.2040612698 * X2)) ^ exp(((-0.1263804734) * X2))) + (0.8292583227 * X2)) + log(abs(0.4147703350)))
20;nan;((log(abs(0.7788251638)) + ((((((((-0.0035163129) * X1) * ((-38.9561653137) * X1)) + (0.3725880384 * X2)) + ((-0.0148753496) * X1)) ^ exp(((-0.2290007323) * X2))) + (0.1065606698 * X2)) * exp((0.0495363027 * X2)))) * 2.9069209099)
1;4.246665606595554;4.7300591469
19;inf;(((-0.2056892067) + ((((((0.0845590681 * X1) * (1.3747764826 * X1)) + (0.3451797962 * X2)) + ((-0.0127266366) * X1)) ^ exp(((-0.2781582177) * X2))) * exp(((0.1074088961 * X2) ^ 1.0938473940)))) * 3.4024355412)
18;nan;(((-0.7670031786) + ((((((0.4708278477 * X1) * (0.7441089153 * X1)) + (0.8379184604 * X2)) + ((-0.0380966514) * X1)) ^ exp(((-0.2140357047) * X2))) * (1.1560540199 + (0.2344655544 * X2)))) + (0.5538455248 * X2))
17;inf;(((-0.1734434068) + ((((((0.0284730215 * X1) * (3.8021006584 * X1)) + (0.2744172812 * X2)) + ((-0.0118801976) * X1)) ^ exp(((-0.3015259206) * X2))) * exp((0.1013010591 * X2)))) * 3.6092453003)
3;nan;((8.9621810913 * X2) ^ 0.4912428856)
4;inf;(log(abs(((-2.2305054665) * X1))) + (0.9798021317 * X2))
2;inf;exp((0.2589088082 * X2))
10;inf;(((((1.3938927650 * X1) * (0.2743325830 * X1)) + (0.6344208121 * X2)) ^ exp(((-0.1217681617) * X2))) + (0.7674639225 * X2))
9;nan;((((2.5222549438 * X1) * (0.1028997973 * X1)) * exp(((-0.3426546454) * X2))) + sqrt((6.2347302437 * X2)))
7;24.757368686339607;((((2.3225119114 * X1) * (0.1782129556 * X1)) + (1.5148216486 * X2)) ^ (-0.0299878120))
6;inf;log(abs((((1.5400243998 * X1) * (5.1610755920 * X1)) + (35.9728355408 * X2))))
16;inf;((((2.3184802532 * X2) ^ 0.6937758923) + (-1.3276767731)) + (((((3.1128838062 * X1) * (0.1360858977 * X1)) + ((-0.0461231805) * X1)) + (0.5551521778 * X2)) ^ exp(((-0.1464401335) * X2))))
15;nan;(((0.9441316128 * X2) + (-1.1346910000)) + ((((((-0.0166639816) * X1) * ((-36.9389419556) * X1)) + (1.2037374973 * X2)) + ((-0.0679596737) * X1)) ^ (0.8388572335 + ((-0.0773586780) * X2))))
11;inf;((((-2.2258009911) + (((-0.0140253566) * X1) * ((-29.4515762329) * X1))) * exp(((-0.3472003043) * X2))) + sqrt((7.8723530769 * X2)))
8;inf;(((((-0.0108975843) * X1) * ((-38.8528709412) * X1)) * exp(((-0.2848750651) * X2))) + (1.1237112284 * X2))
5;inf;(((1.2095412016 * X1) * (0.1782129556 * X1)) + (0.8849584460 * X2))
14;nan;((((((1.4426950216 * X1) * (0.2867350876 * X1)) + (1.1645883322 * X2)) ^ exp(((-0.1263796091) * X2))) + ((-0.0135594634) * X1)) + ((-0.8774907589) + (0.8288239241 * X2)))
12;inf;((((((2.3373599052 * X1) * (0.1810045987 * X1)) + (1.1645971537 * X2)) ^ exp(((-0.1263804734) * X2))) + (0.8296596408 * X2)) + (-0.8822721839))
20;nan;((((-0.4494644403) + (((((((-0.0117640365) * X1) * ((-40.2327423096) * X1)) + (1.0981154442 * X2)) + ((-0.0514213927) * X1)) ^ exp(((-0.2126340568) * X2))) * (0.5036303997 + (0.1417616606 * X2)))) * 1.6842566729) + (0.5770781636 * X2))
1;5.264226939334811;4.2434601784
19;nan;(((-0.2910372913) + ((((((((-0.0039901095) * X1) * ((-38.8757057190) * X1)) + (0.4028234780 * X2)) + ((-0.0167914871) * X1)) ^ exp(((-0.2050785422) * X2))) + (0.1852391511 * X2)) * exp((0.0268332995 * X2)))) * 2.5941917896)
18;nan;(((-0.7821473479) + (((((((-0.0067287413) * X1) * ((-54.2767066956) * X1)) + (0.8914594650 * X2)) + ((-0.0396759510) * X1)) ^ exp(((-0.2051590830) * X2))) * (1.1148571968 + (0.2072467804 * X2)))) + (0.5832287669 * X2))
17;nan;(((((exp((log(abs((0.6912260652 * X1))) * 1.8764129877)) + (1.1633005142 * X2)) + ((-0.0440151840) * X1)) ^ exp(((-0.1262714714) * X2))) + (0.8292583227 * X2)) + log(abs(0.4147703350)))
4;inf;(log(abs(((-13.0955476761) * X1))) + (0.6711118221 * X2))
5;inf;(((3.7033092976 * X1) * (0.0572309531 * X1)) + (0.8695235252 * X2))
3;1.9982450178954045;((9.4065580368 * X2) ^ 0.4904834926)
2;inf;exp((0.2593112588 * X2))
11;inf;((((-2.2270238400) + ((2.6552436352 * X1) * (0.1555672735 * X1))) * exp(((-0.3475869894) * X2))) + sqrt((7.8712735176 * X2)))
10;nan;((((((-0.0096500050) * X1) * ((-37.9011573792) * X1)) + (0.6345322728 * X2)) ^ exp(((-0.1218011901) * X2))) + (0.8020051718 * X2))
8;inf;((((2.6552436352 * X1) * (0.1557947844 * X1)) * exp(((-0.2545069158) * X2))) + (1.1199111938 * X2))
7;inf;((((1.9635996819 * X1) * (4.5071253777 * X1)) + (36.6115608215 * X2)) ^ (-0.0299878120))
16;inf;(((0.8292697668 * X2) + (-0.8800833821)) + (((((((-2.1148412228) * X1) * ((-0.1953275055) * X1)) + (1.5191426277 * X2)) + ((-0.3558156192) * X2)) + ((-0.0440022610) * X1)) ^ exp(((-0.1262739599) * X2))))
15;nan;(((0.9215576649 * X2) + (-1.9572782516)) + ((((((-0.0087647177) * X1) * ((-47.2951126099) * X1)) + exp(((-0.0436645783) * X1))) + (1.3916929960 * X2)) ^ exp(((-0.1178005338) * X2))))
12;inf;(((0.8292663097 * X2) + (-0.8800572157)) + ((((3.9193341732 * X1) * (0.1084200591 * X1)) + (1.1645883322 * X2)) ^ exp(((-0.1263796091) * X2))))
9;nan;((((4.4557456970 * X1) * (0.0701707080 * X1)) * exp(((-0.3407581151) * X2))) + sqrt((6.2347302437 * X2)))
6;inf;log(abs((((2.4595906734 * X1) * (4.5071253777 * X1)) + (37.0268669128 * X2))))
14;nan;((((((((-0.0102470778) * X1) * ((-40.2466545105) * X1)) + (1.0976548195 * X2)) + (-0.3407635093)) + ((-0.0440529473) * X1)) ^ exp(((-0.1299522519) * X2))) + (0.7675073743 * X2))
13;inf;((((((2.3373599052 * X1) * (0.1810045987 * X1)) + (1.1645971537 * X2)) ^ exp(((-0.1261365265) * X2))) + (0.8292583227 * X2)) + log(abs(0.4147703350)))
20;nan;(((((((((-0.0056195813) * X1) * ((-72.0014266968) * X1)) + (0.9996620417 * X2)) + ((-0.0441201404) * X1)) ^ exp(((-0.2257432640) * X2))) * (exp(((-0.1244752109) * X2)) + (0.3874172568 * X2))) + (0.4771411121 * X2)) + log(abs(0.4657821953)))
1;4.88776958350785;4.3988695145
19;nan;(((-0.2289466411) + (((((((-0.2006173283) * X1) * ((-0.6438813210) * X1)) + (0.3810669780 * X2)) + ((-0.0141445864) * X1)) ^ exp(((-0.2787918150) * X2))) * exp((0.1230098456 * X2)))) * (3.0508854389 + ((-0.0152775273) * X2)))
18;nan;(((0.8717234731 * X2) + (-1.1728645563)) + (((((((-0.0134144984) * X1) * ((-41.1453056335) * X1)) + (1.4221870899 * X2)) ^ (0.8864743114 + (0.0685457811 * X2))) + ((-0.0584436171) * X1)) ^ exp(((-0.1839822531) * X2))))
17;nan;((((-0.9097898006) + (((((2.5741376877 * X1) * (0.1623783112 * X1)) + ((-0.0453164279) * X1)) + (1.2386384010 * X2)) ^ exp(((-0.1794104427) * X2)))) * exp((0.1166423485 * X2))) + (0.7315610051 * X2))
4;inf;((0.6709727645 * X2) + log(abs((12.6498889923 * X1))))
5;inf;(((0.2996698916 * X1) * (0.6949163675 * X1)) + (0.8539808989 * X2))
3;2.7830862901602464;((2.7934517860 * X2) ^ 0.7063070536)
2;inf;exp((0.2631473541 * X2))
11;inf;(((((3.0784609318 * X1) * (0.1364975572 * X1)) * exp(((-0.3615330458) * X2))) + sqrt((13.5544357300 * X2))) + (-2.3872332573))
10;inf;(((((0.1813484728 * X1) * (2.0043575764 * X1)) + (0.6274289489 * X2)) ^ exp(((-0.1151582152) * X2))) + (0.7700252533 * X2))
8;inf;((((2.3373599052 * X1) * (0.1810045987 * X1)) * exp(((-0.2888031602) * X2))) + (1.1239243746 * X2))
7;inf;(((((-0.0096498998) * X1) * ((-37.9011573792) * X1)) + (1.5148216486 * X2)) ^ (-0.0299878120))
16;inf;((-0.8860245347) + (((0.8540964127 * X2) ^ 0.9847716093) + (((((2.6552436352 * X1) * (0.1557947844 * X1)) + (1.1645971537 * X2)) + ((-0.0440508500) * X1)) ^ exp(((-0.1268144995) * X2)))))
15;nan;((((((((-0.0140253566) * X1) * ((-29.4515762329) * X1)) + (1.1606981754 * X2)) ^ exp(((-0.1262714714) * X2))) + (0.8288236856 * X2)) + log(abs(0.4158256948))) + ((-0.0135594709) * X1))
12;nan;(((0.8292571902 * X2) + (-0.8801762462)) + (((((-0.3639732003) * X1) * ((-1.1681659222) * X1)) + (1.1645971537 * X2)) ^ exp(((-0.1263804734) * X2))))
9;nan;((((1.5400243998 * X1) * (0.1684971005 * X1)) * exp(((-0.3428396285) * X2))) + sqrt((6.2336349487 * X2)))
6;inf;log(abs((((1.6756683588 * X1) * (4.8182144165 * X1)) + (36.6115608215 * X2))))
14;nan;((((((2.3587484360 * X1) * (0.1756648123 * X1)) + (1.2012192011 * X2)) ^ exp(((-0.1245838404) * X2))) + ((-0.0134938443) * X1)) + ((-0.8774907589) + (0.8288239241 * X2)))
13;inf;((((((2.3373599052 * X1) * (0.1810045987 * X1)) + (1.1606996059 * X2)) ^ exp(((-0.1264823973) * X2))) + (0.8288236856 * X2)) * log(abs(0.4158256948)))
20;nan;(((-1.3089928627) + ((((((((-0.0044873473) * X1) * ((-35.7248344421) * X1)) + (0.4974615276 * X2)) + ((-0.0174860712) * X1)) ^ exp(((-0.2495450377) * X2))) + exp(((-0.0599954091) * X2))) * exp((0.1149221361 * X2)))) * 2.4937348366)
1;4.221649278945745;4.7458043098
19;nan;(((-0.2291270494) + ((((((((-0.0052377055) * X1) * ((-24.6612911224) * X1)) + ((-0.0141428467) * X1)) + (1.0274714231 * X2)) + ((-0.6451761127) * X2)) ^ exp(((-0.2787984014) * X2))) * exp((0.1183797047 * X2)))) * 3.0505104065)
18;nan;(((-0.7373164296) + (((((((-0.0072012763) * X1) * ((-50.3066444397) * X1)) + (0.8298285007 * X2)) + ((-0.0395227745) * X1)) ^ exp(((-0.2290049493) * X2))) * ((0.2871747017 * X2) + 1.1095063686))) + (0.5084567666 * X2))
17;nan;(((((exp((log(abs((0.6921457648 * X1))) * 1.8749878407)) + ((-0.0439453125) * X1)) + (1.1606981754 * X2)) ^ exp(((-0.1262714714) * X2))) + (0.8288236856 * X2)) * log(abs(0.4158256948)))
4;inf;(log(abs(((-4.6342563629) * X1))) + (0.6696729064 * X2))
5;inf;(((1.4426950216 * X1) * (0.1566368341 * X1)) + (0.9260404706 * X2))
3;2.752865499405221;((3.1915357113 * X2) ^ 0.7071067691)
2;inf;exp((0.2670370936 * X2))
11;inf;((((((-0.0097424928) * X1) * ((-41.0766296387) * X1)) * exp(((-0.3426546454) * X2))) + sqrt((13.5544357300 * X2))) + (-2.3872332573))
10;inf;(((((0.2268605530 * X1) * (1.6021558046 * X1)) + (0.6268349290 * X2)) ^ exp(((-0.1150288731) * X2))) + (0.7698608637 * X2))
8;inf;((((3.0784609318 * X1) * (0.1377406567 * X1)) * exp(((-0.2763275504) * X2))) + (1.1199111938 * X2))
7;inf;((((1.4857467413 * X1) * (1.0412721634 * X1)) + (6.4404020309 * X2)) ^ (-0.0299878120))
16;inf;((((2.4691026211 * X2) ^ 0.6822682619) + (-1.3657714128)) + (((((4.4665317535 * X1) * (0.0949896425 * X1)) + ((-0.0462468192) * X1)) + (0.5317229033 * X2)) ^ exp(((-0.1475936919) * X2))))
15;nan;((((((((-0.0140253566) * X1) * ((-29.4515762329) * X1)) + (1.1606981754 * X2)) ^ exp(((-0.1261364818) * X2))) + (0.8288236856 * X2)) + log(abs(0.4158256948))) + ((-0.0135594709) * X1))
12;nan;((((((-0.3639732003) * X1) * ((-1.1681659222) * X1)) + (1.1606996059 * X2)) ^ exp(((-0.1261364818) * X2))) + ((-0.8774907589) + (0.8288239241 * X2)))
9;nan;(((((-0.4823656678) * X1) * ((-0.5378609896) * X1)) * exp(((-0.3428396285) * X2))) + sqrt((6.2336349487 * X2)))
6;inf;log(abs((((1.7724539042 * X1) * (5.8656582832 * X1)) + (34.5294418335 * X2))))
14;nan;(((0.8288255930 * X2) + (-0.8774930239)) + (((((1.4757511616 * X1) * (0.2825137079 * X1)) + (1.1606993675 * X2)) ^ exp(((-0.1261369288) * X2))) + ((-0.0135594448) * X1)))
13;nan;(((-1.1284052134) + (0.9441736341 * X2)) + (((((-0.0113375373) * X1) * ((-53.9965400696) * X1)) + (1.1953876019 * X2)) ^ (0.8408407569 + ((-0.0777055547) * X2))))
20;nan;(((-0.2755438983) + ((0.1209067702 * X2) + ((((((0.0765311494 * X1) * (2.0043575764 * X1)) + (0.6279195547 * X2)) + ((-0.1993632466) * X2)) + ((-0.0166416727) * X1)) ^ exp(((-0.2287615985) * X2))))) * ((0.2053702176 * X2) + 2.5906190872))
1;4.497171753183612;4.5867400169
19;nan;(((-0.2286728323) + ((((((1.0228075981 * X2) + ((1.2647056580 * X1) * (0.1020277813 * X1))) + ((-0.6412420273) * X2)) + ((-0.0141226286) * X1)) ^ exp(((-0.2788464725) * X2))) * exp((0.1183053106 * X2)))) * 3.0522356033)
18;inf;(((-0.7755728960) + ((((((4.5931844711 * X1) * (0.0715691671 * X1)) + (0.7970446944 * X2)) + ((-0.0357264392) * X1)) ^ exp(((-0.2101399750) * X2))) * ((0.2169629037 * X2) + 1.2355560064))) + (0.5642458200 * X2))
17;nan;(((-0.9098466039) + ((((((0.1610585600 * X1) * (2.5788590908 * X1)) + (1.2823358774 * X2)) + ((-0.0448040925) * X1)) ^ exp(((-0.1672848910) * X2))) * exp((0.0955327004 * X2)))) + (0.6194795966 * X2))
4;inf;(log(abs(((-2.2305054665) * X1))) + (1.0007925034 * X2))
5;inf;((((-0.0070486334) * X1) * ((-28.9302864075) * X1)) + (0.8340258598 * X2))
3;2.035924466632255;((9.0960178375 * X2) ^ 0.4876531959)
2;inf;exp((0.2705128193 * X2))
11;inf;((((-2.2258009911) + ((0.1016081795 * X1) * (4.0053095818 * X1))) * exp(((-0.3460848927) * X2))) + sqrt((8.0575456619 * X2)))
10;inf;(((((0.1837366223 * X1) * (1.9777534008 * X1)) + (0.6264754534 * X2)) ^ exp(((-0.1146700531) * X2))) + (0.7699599862 * X2))
8;inf;((((2.5741376877 * X1) * (0.1608899236 * X1)) * exp(((-0.2880603671) * X2))) + (1.1579173803 * X2))
7;inf;((((3.7033092976 * X1) * (0.0572309531 * X1)) + (0.8849584460 * X2)) ^ (-0.0299878120))
16;inf;((((0.0062575662 * X1) + (0.8494213223 * X2)) + (-1.0440678596)) + (((((1.2274310589 * X1) * (0.3420194685 * X1)) + (1.2159150839 * X2)) + ((-0.0573474728) * X1)) ^ exp(((-0.1244752109) * X2))))
15;nan;(log(abs(0.4138478935)) + ((((((3.0784609318 * X1) * (0.1377406567 * X1)) + (1.1633005142 * X2)) + ((-0.0440151840) * X1)) ^ exp(((-0.1262714714) * X2))) + (0.8296557665 * X2)))
12;nan;((((((-0.0077815298) * X1) * ((-51.5665626526) * X1)) + (1.1606996059 * X2)) ^ exp(((-0.1261364818) * X2))) + ((-0.8774907589) + (0.8288239241 * X2)))
9;nan;((((0.2293935418 * X1) * (1.1306450367 * X1)) * exp(((-0.3428396285) * X2))) + sqrt((6.2336349487 * X2)))
6;inf;log(abs((((1.8447451591 * X1) * (5.8656582832 * X1)) + (35.8769264221 * X2))))
14;nan;((((((2.3587484360 * X1) * (0.1756648123 * X1)) + (1.2012192011 * X2)) ^ exp(((-0.1245838404) * X2))) + ((-0.0134938443) * X1)) + ((-1.0215003490) + (0.8387339115 * X2)))
13;nan;(((((((-0.3639732003) * X1) * ((-1.1681659222) * X1)) + (1.2040612698 * X2)) ^ exp(((-0.1263804734) * X2))) + (0.8288236856 * X2)) * log(abs(0.4158256948)))
20;nan;(((-0.2550146580) + ((((((((-0.0032963771) * X1) * ((-42.0629158020) * X1)) + (0.4317966998 * X2)) ^ exp((0.0457577258 * X2))) + ((-0.0176997967) * X1)) ^ exp(((-0.3159166276) * X2))) * exp((0.1251477599 * X2)))) * 2.8368222713)
1;5.831623868827204;4.0394883156
19;nan;(((-0.2281762958) + ((((((0.0894777700 * X1) * (1.4396179914 * X1)) + (0.3805294633 * X2)) + ((-0.0141052064) * X1)) ^ exp(((-0.2790022790) * X2))) * exp((0.1185375676 * X2)))) * (3.0584847927 + ((-0.0017494960) * X2)))
18;nan;(((-0.7732670903) + (((((((-0.0039893677) * X1) * ((-78.2684707642) * X1)) + (0.7549748421 * X2)) + ((-0.0339569114) * X1)) ^ exp(((-0.2117284387) * X2))) * (1.3031424284 + (0.2175059021 * X2)))) + (0.5586791039 * X2))
17;nan;(((-0.9116281271) + ((((((0.1542335749 * X1) * (2.6933228970 * X1)) + (1.2887693644 * X2)) + ((-0.0448191017) * X1)) ^ exp(((-0.1683755815) * X2))) * exp((0.0981885940 * X2)))) + (0.6119375825 * X2))
4;inf;(log(abs(((-7.5497078896) * X1))) + (1.0050628185 * X2))
5;inf;(((0.2149997354 * X1) * (0.8765177131 * X1)) + (0.7692237496 * X2))
3;2.0704717124629517;((9.0284500122 * X2) ^ 0.4847230017)
2;inf;exp((0.2706851661 * X2))
11;inf;((((-2.2257962227) + ((0.4874206483 * X1) * (0.8278504014 * X1))) * exp(((-0.3471885324) * X2))) + sqrt((7.8723540306 * X2)))
10;inf;((((((-0.0096500050) * X1) * ((-37.9011573792) * X1)) + (0.6345322728 * X2)) ^ exp(((-0.1134839505) * X2))) + (0.7675073743 * X2))
8;inf;((((3.0784609318 * X1) * (0.1377406567 * X1)) * exp(((-0.2887732387) * X2))) + (1.1239087582 * X2))
7;inf;((((1.5403701067 * X1) * (0.2729946673 * X1)) + (1.5148216486 * X2)) ^ (-0.0299878120))
16;inf;(((-1.0606563091) + (0.8417170048 * X2)) + ((((((3.0784609318 * X1) * (0.1364975572 * X1)) + (1.2149449587 * X2)) + ((-0.0193857718) * X1)) + ((-0.0245310348) * X1)) ^ exp(((-0.1243657693) * X2))))
15;nan;(((((((3.0784609318 * X1) * (0.1377406567 * X1)) + (1.1633005142 * X2)) + ((-0.0440151840) * X1)) ^ exp(((-0.1262714714) * X2))) + (0.8292583227 * X2)) + log(abs(0.4147703350)))
12;nan;(((((((-0.0102497200) * X1) * ((-40.2570343018) * X1)) + (1.1035268307 * X2)) + (-0.3131247163)) ^ exp(((-0.1263796091) * X2))) + (0.7674436569 * X2))
9;nan;((((2.5222549438 * X1) * (0.1028997973 * X1)) * exp(((-0.3460848927) * X2))) + sqrt((6.2341594696 * X2)))
6;inf;log(abs((((1.7129274607 * X1) * (6.3534402847 * X1)) + (35.9587402344 * X2))))
14;nan;((((((2.3587484360 * X1) * (0.1756648123 * X1)) + (1.2012192011 * X2)) ^ exp(((-0.1245838404) * X2))) + ((-0.0134779671) * X1)) + ((-1.0439484119) + (0.8402312994 * X2)))
13;inf;(log(abs(0.4138478935)) + (((((3.8250043392 * X1) * (0.1050748155 * X1)) + (1.1632953882 * X2)) ^ exp(((-0.1263796091) * X2))) + (0.8296557665 * X2)))
20;nan;(((-0.8147275448) + (((((((-0.0032126612) * X1) * ((-63.6858139038) * X1)) + (0.5489890575 * X2)) + ((-0.0222323257) * X1)) ^ exp(((-0.2063628733) * X2))) * (exp((0.0227024965 * X2)) + exp((0.1036154553 * X2))))) + (0.5209480524 * X2))
1;4.78477423994994;4.4452519417
19;nan;(((-0.8333752751) + (((((((-0.0040192581) * X1) * ((-52.5396308899) * X1)) + (0.5846982002 * X2)) + ((-0.0229064357) * X1)) ^ exp(((-0.1997238696) * X2))) * (exp((0.1096889451 * X2)) + 0.9394335747))) + (0.5327316523 * X2))
18;inf;(((-0.7724094987) + ((((((6.5816841125 * X1) * (0.0478666499 * X1)) + (0.7607573867 * X2)) + ((-0.0342587605) * X1)) ^ exp(((-0.2122653127) * X2))) * ((0.2205083370 * X2) + 1.2894308567))) + (0.5567532778 * X2))
17;nan;(((((exp((log(abs((0.6844881773 * X1))) * 1.8779420853)) + ((-0.0439376347) * X1)) + (1.2007313967 * X2)) ^ exp(((-0.1247764379) * X2))) + (0.8382340670 * X2)) + log(abs(0.3564789593)))
4;inf;(log(abs(((-7.5497078896) * X1))) + (0.6552323699 * X2))
5;inf;((((-0.0053803921) * X1) * ((-37.5862922668) * X1)) + (0.8247305155 * X2))
3;1.9967628890613232;((9.6807384491 * X2) ^ 0.4838844836)
2;inf;exp((0.2711836100 * X2))
11;inf;((((-2.2258009911) + (((-0.0097424928) * X1) * ((-41.0766296387) * X1))) * exp(((-0.3472003043) * X2))) + sqrt((7.8723530769 * X2)))
10;inf;(((((0.1727674603 * X1) * (2.1030321121 * X1)) + (0.6257040501 * X2)) ^ exp(((-0.1143472195) * X2))) + (0.7698023319 * X2))
8;inf;((((0.1453348100 * X1) * (2.8769829273 * X1)) * exp(((-0.2941728532) * X2))) + (1.1297771931 * X2))
7;inf;((((3.7033092976 * X1) * (0.0572309531 * X1)) + (0.8893810511 * X2)) ^ (-0.0299878120))
16;inf;((((2.6115145683 * X2) ^ 0.6716506481) + (-1.4031186104)) + (((((1.5485179424 * X1) * (0.2744386792 * X1)) + (0.5110715628 * X2)) + ((-0.0463737436) * X1)) ^ exp(((-0.1486757845) * X2))))
15;nan;(((-0.2283280045) + (((((2.0962791443 * X1) * (0.0614399239 * X1)) + (0.3796914220 * X2)) ^ exp(((-0.2794536948) * X2))) * exp((0.1180255190 * X2)))) * 3.0630617142)
12;inf;((((((1.5203154087 * X1) * (0.2824146152 * X1)) + (1.1645971537 * X2)) ^ exp(((-0.1262714714) * X2))) + (0.8296596408 * X2)) + (-0.8822721839))
9;nan;((((4.4557456970 * X1) * (0.0701707080 * X1)) * exp(((-0.3363024890) * X2))) + sqrt((6.2326984406 * X2)))
6;inf;log(abs((((1.7929943800 * X1) * (5.5942749977 * X1)) + (32.8962059021 * X2))))
14;nan;(((0.8396626711 * X2) + (-1.0273008347)) + ((exp((log(abs((0.6927496195 * X1))) * 1.8747949600)) + (1.2054466009 * X2)) ^ exp(((-0.1248126030) * X2))))
13;nan;(((((((-0.3639732003) * X1) * ((-1.1681659222) * X1)) + (1.1606981754 * X2)) ^ exp(((-0.1261364818) * X2))) + (0.8288236856 * X2)) + log(abs(0.4158256948)))
20;nan;(((-0.8111643791) + (((((((-0.0053803921) * X1) * ((-37.5862922668) * X1)) + (0.5803264976 * X2)) + ((-0.0222027134) * X1)) ^ exp(((-0.2235249579) * X2))) * (exp((0.0994901061 * X2)) + exp((0.0991717055 * X2))))) + (0.3890282810 * X2))
1;3.695241597552863;5.2286372185
19;nan;(((-0.2284550071) + ((((((1.9429591894 * X1) * (0.0663970634 * X1)) + (0.3829405308 * X2)) + ((-0.0141160851) * X1)) ^ exp(((-0.2793403864) * X2))) * exp((0.1090222299 * X2)))) * ((0.0323270671 * X2) + 3.0523056984))
18;inf;(((-0.7741461396) + ((((((6.5162239075 * X1) * (0.0457459912 * X1)) + (0.7216522694 * X2)) + ((-0.0324251428) * X1)) ^ exp(((-0.2114115804) * X2))) * ((0.2117504776 * X2) + 1.3661133051))) + (0.5595315099 * X2))
17;nan;(((-0.9187614918) + ((((((0.1549680829 * X1) * (2.6827328205 * X1)) + (1.3137577772 * X2)) + ((-0.0447586402) * X1)) ^ exp(((-0.1734077334) * X2))) * exp((0.1101645753 * X2)))) + (0.5792602301 * X2))
4;inf;(log(abs((8.4999094009 * X1))) + (0.6549768448 * X2))
5;inf;((((-0.0053803921) * X1) * ((-36.3002967834) * X1)) + (0.9275628328 * X2))
3;2.0138463356233367;((9.5987215042 * X2) ^ 0.4818448722)
2;inf;exp((0.2719894052 * X2))
11;inf;(((((1.9167020321 * X1) * (0.1972298622 * X1)) * exp(((-0.2370352298) * X2))) + (1.4569524527 * X2)) ^ exp(((-0.0232501570) * X2)))
10;inf;(((((0.2245415151 * X1) * (1.6179118156 * X1)) + (0.6255882978 * X2)) ^ exp(((-0.1141542941) * X2))) + (0.7699012160 * X2))
8;inf;((((2.5741376877 * X1) * (0.1632405519 * X1)) * exp(((-0.2593495548) * X2))) + (1.1235437393 * X2))
7;inf;((((4.3611040115 * X1) * (0.0572309531 * X1)) + (0.8893810511 * X2)) ^ (-0.0299878120))
16;nan;(((((((2.3373599052 * X1) * (0.1810045987 * X1)) + (1.2122218609 * X2)) + ((-0.0574279912) * X1)) ^ exp(((-0.1244520023) * X2))) + (0.0068313610 * X1)) + ((-1.0502533913) + (0.8408569098 * X2)))
15;nan;(((-0.2467622906) + ((((((-0.0040912321) * X1) * ((-33.1293716431) * X1)) + (0.4150852561 * X2)) ^ exp(((-0.2736066878) * X2))) * exp((0.1228170693 * X2)))) * 2.9150094986)
12;inf;(((((1.1306450367 * X1) * (0.3382044733 * X1)) + ((0.6240120530 * X2) ^ 1.5296636820)) ^ exp(((-0.1282468140) * X2))) + (0.6549298167 * X2))
9;nan;((((0.2293935418 * X1) * (1.1306450367 * X1)) * exp(((-0.3471885324) * X2))) + sqrt((6.2326984406 * X2)))
6;inf;log(abs((((2.1772058010 * X1) * (4.6810183525 * X1)) + (33.4148864746 * X2))))
14;nan;((((((1.4426950216 * X1) * (0.2867352962 * X1)) + (1.2080866098 * X2)) ^ exp(((-0.1243566573) * X2))) + ((-0.0134779671) * X1)) + ((-1.0249346495) + (0.8390583396 * X2)))
13;inf;(log(abs(0.4138478935)) + ((((((-2.0452160835) * X1) * ((-0.2081944793) * X1)) + (1.1645883322 * X2)) ^ exp(((-0.1263796091) * X2))) + (0.8296557665 * X2)))
20;nan;(((-2.0610015392) + (((((((1.5593265295 * X1) * (0.1323886663 * X1)) + (0.4801189303 * X2)) + 0.6581592560) + ((-0.0224260762) * X1)) ^ exp(((-0.2841536403) * X2))) * (1.9441800117 + (0.6204966307 * X2)))) + (0.2507956028 * X2))
1;3.6030032812216173;5.5323486328
19;nan;(((((((((-0.0046456377) * X1) * ((-81.4003067017) * X1)) + (0.9198452234 * X2)) + ((-0.0410805382) * X1)) ^ exp(((-0.2056396008) * X2))) * (1.0754886866 + (0.2107798457 * X2))) + (0.5829449892 * X2)) + log(abs(0.4582441449)))
18;nan;(((0.8612999320 * X2) + (-1.1903798580)) + (((((((-0.0132585382) * X1) * ((-41.4286231995) * X1)) + (1.4670888186 * X2)) ^ (0.8912821412 + (0.0481670275 * X2))) + ((-0.0542749278) * X1)) ^ exp(((-0.1653218865) * X2))))
17;nan;(((-0.8866703510) + (((((((-0.0090313945) * X1) * ((-45.8957977295) * X1)) + (1.1925803423 * X2)) + ((-0.0444636941) * X1)) ^ exp(((-0.1479359120) * X2))) * exp((0.0491577387 * X2)))) + (0.7394864559 * X2))
4;inf;(log(abs(((-7.5497078896) * X1))) + (0.6547657847 * X2))
5;inf;(((2.3025851250 * X1) * (0.1007861719 * X1)) + (1.1039648056 * X2))
3;2.821151880414807;((2.6976413727 * X2) ^ 0.7162600756)
2;inf;exp((0.2820700109 * X2))
11;inf;((((-2.2258009911) + ((0.0685535595 * X1) * (5.8787732124 * X1))) * exp(((-0.3472003043) * X2))) + sqrt((8.0575456619 * X2)))
10;inf;(((((0.2244355679 * X1) * (1.6185796261 * X1)) + (0.6255128384 * X2)) ^ exp(((-0.1140600145) * X2))) + (0.7699369788 * X2))
8;inf;(((((-0.3639732003) * X1) * ((-1.1681659222) * X1)) * exp(((-0.2763275504) * X2))) + (1.1199111938 * X2))
7;inf;((((2.5741376877 * X1) * (0.1007861719 * X1)) + (1.1039648056 * X2)) ^ (-0.0299878120))
16;nan;((-0.8799272776) + (((0.0065315804 * X1) + (0.8291544914 * X2)) + ((((((-0.0109901940) * X1) * ((-37.5862922668) * X1)) + (1.1633005142 * X2)) + ((-0.0440151840) * X1)) ^ exp(((-0.1262714714) * X2)))))
15;nan;(((-0.2515490651) + (((((2.4252243042 * X1) * (0.0567087308 * X1)) + (0.4252068996 * X2)) ^ exp(((-0.2712458372) * X2))) * exp((0.1243198588 * X2)))) * 2.8629930019)
12;inf;(((((1.3938927650 * X1) * (0.2743325830 * X1)) + ((0.6240029335 * X2) ^ 1.5295596123)) ^ exp(((-0.1262680590) * X2))) + (0.6549768448 * X2))
9;nan;(sqrt((6.2326984406 * X2)) + ((((-0.0058122952) * X1) * ((-50.2934455872) * X1)) * exp(((-0.2883081734) * X2))))
6;inf;log(abs((((1.8421859741 * X1) * (5.8656582832 * X1)) + (34.8290328979 * X2))))
14;nan;((((((1.4426950216 * X1) * (0.2867352962 * X1)) + (1.2080866098 * X2)) ^ exp(((-0.1243566573) * X2))) + ((-0.0134779671) * X1)) + ((-1.0439484119) + (0.8402312994 * X2)))
13;inf;(((((((-2.0452160835) * X1) * ((-0.2081944793) * X1)) + (1.1632953882 * X2)) ^ exp(((-0.1262714714) * X2))) + (0.8292583227 * X2)) + log(abs(0.4147703350)))
20;nan;((((-1.4891386032) + (((((((-0.4483329654) * X1) * ((-0.9400835633) * X1)) + (0.9892318845 * X2)) + ((-0.0458335988) * X1)) ^ exp(((-0.2140759826) * X2))) * ((0.4739925861 * X2) + 1.8756579161))) * 0.5100377202) + (0.5640939474 * X2))
2;7.708758594979;exp((0.2834210098 * X2))
19;nan;((log(abs(0.7247675061)) + (((((((-0.0105605116) * X1) * ((-16.2658119202) * X1)) + (0.5078154802 * X2)) + ((-0.0185753051) * X1)) ^ exp(((-0.2136150897) * X2))) + (0.1486277282 * X2))) * ((0.1801628768 * X2) + 2.3213837147))
18;nan;(((-0.7637168169) + (((((((-0.0085810758) * X1) * ((-30.2454109192) * X1)) + (0.6186510324 * X2)) + ((-0.0282491017) * X1)) ^ exp(((-0.2170722187) * X2))) * ((0.2149731219 * X2) + 1.5645731688))) + (0.5412346125 * X2))
17;nan;(((-0.8863264918) + (((((((-0.4012058377) * X1) * ((-1.0328081846) * X1)) + (1.1857187748 * X2)) + ((-0.0444083773) * X1)) ^ exp(((-0.1456386447) * X2))) * exp((0.0439167172 * X2)))) + (0.7520638108 * X2))
3;2.8263714329023792;((2.6860227585 * X2) ^ 0.7174075842)
4;inf;(log(abs(((-12.5451374054) * X1))) + (0.6506677270 * X2))
10;inf;(((((0.2243804783 * X1) * (1.6189455986 * X1)) + (0.6254490018 * X2)) ^ exp(((-0.1140179038) * X2))) + (0.7699319720 * X2))
9;nan;(sqrt((6.7005047798 * X2)) + (((1.5400243998 * X1) * (0.1684971005 * X1)) * exp(((-0.2880603671) * X2))))
7;24.623305339572024;((((1.4142135382 * X1) * (0.1782129556 * X1)) + (0.8893810511 * X2)) ^ (-0.0299878120))
6;inf;log(abs((((2.7373719215 * X1) * (3.9213123322 * X1)) + (34.5862159729 * X2))))
16;inf;(((0.8259650469 * X2) + (-0.9600636363)) + (((((2.3587484360 * X1) * (0.1756648123 * X1)) + ((-0.0438735075) * X1)) + ((1.1258455515 * X2) ^ 1.0444713831)) ^ exp(((-0.1249003112) * X2))))
15;nan;(((-0.2645132840) + (((((1.3835122585 * X1) * (0.1028162763 * X1)) + (0.4503450394 * X2)) ^ exp(((-0.2679134011) * X2))) * exp((0.1273160279 * X2)))) * 2.7757363319)
12;inf;(((((2.3477489948 * X1) * (0.1629102677 * X1)) + ((0.6241735816 * X2) ^ 1.5380319357)) ^ exp(((-0.1262714714) * X2))) + (0.6549768448 * X2))
8;inf;((((1.3890132904 * X1) * (0.2753225863 * X1)) * exp(((-0.2593495548) * X2))) + (1.1239916086 * X2))
5;inf;(((2.5460271835 * X1) * (0.0704310462 * X1)) + (0.8539808989 * X2))
14;nan;(((((((-0.0109901940) * X1) * ((-37.5862922668) * X1)) + (1.2080866098 * X2)) ^ exp(((-0.1243566573) * X2))) + ((-0.0134779671) * X1)) + ((-1.0439484119) + (0.8402312994 * X2)))
13;inf;(((((1.4857467413 * X1) * (0.2586887777 * X1)) + ((0.9071516395 * X2) ^ 1.4718205929)) ^ exp(((-0.1909011453) * X2))) * exp((0.1815058887 * X2)))
20;nan;((((-0.2398056090) + ((((((0.0593509227 * X1) * (2.2026374340 * X1)) + (0.3948692083 * X2)) + ((-0.0142772067) * X1)) ^ exp(((-0.2767233849) * X2))) * exp((0.1194830388 * X2)))) * 3.0157670975) + exp(((-11.2822427750) * X2)))
2;7.596261926903317;exp((0.2855321169 * X2))
19;nan;(((-0.2419308126) + ((((((((-0.0051719900) * X1) * ((-25.9223995209) * X1)) + (0.0798595920 * X2)) + (0.3276137114 * X2)) + ((-0.0146570131) * X1)) ^ exp(((-0.2741464674) * X2))) * exp((0.1219973713 * X2)))) * 2.9354724884)
18;inf;((-0.2261038274) + (((0.1717894673 * X2) ^ ((4.1967525482 * X2) ^ 0.0678163394)) + (((((1.9423967600 * X1) * (0.0622628853 * X1)) + (0.3106453121 * X2)) + ((-0.0130681926) * X1)) ^ exp(((-0.2094407976) * X2)))))
17;nan;(((-0.8853667378) + (((((((-0.0102275545) * X1) * ((-40.5084648132) * X1)) + (1.1799827814 * X2)) + ((-0.0443555489) * X1)) ^ exp(((-0.1429377049) * X2))) * exp((0.0375916883 * X2)))) + (0.7649789453 * X2))
3;2.7563484355299437;((2.9715936184 * X2) ^ 0.7181323767)
4;inf;(log(abs(((-2.2305054665) * X1))) + (1.0253943205 * X2))
10;inf;(((((1.4857467413 * X1) * (0.2448375523 * X1)) + (0.8968940377 * X2)) * exp(((-0.2855980694) * X2))) + (0.9301452637 * X2))
9;nan;(((((-0.0058122952) * X1) * ((-50.2934455872) * X1)) * exp(((-0.2878323495) * X2))) + sqrt((6.2326984406 * X2)))
7;24.6225071640827;((((1.4142135382 * X1) * (0.1782129556 * X1)) + (0.8849584460 * X2)) ^ (-0.0299878120))
6;inf;log(abs((((1.9635996819 * X1) * (3.7251908779 * X1)) + (34.5294418335 * X2))))
16;nan;(((((((2.3373599052 * X1) * (0.1810045987 * X1)) + (1.2048311234 * X2)) + ((-0.0573507547) * X1)) ^ exp(((-0.1246926785) * X2))) + (0.0067879148 * X1)) + ((-1.0249346495) + (0.8390583396 * X2)))
15;nan;(((0.8395670056 * X2) + (-1.0273030996)) + (((((3.2231936455 * X1) * ((-0.0171221457) * X1)) * log(abs(((-0.0001182961) * X1)))) + (1.2057471275 * X2)) ^ exp(((-0.1247976646) * X2))))
12;inf;(((((2.3477489948 * X1) * (0.1629102677 * X1)) + ((0.6241735816 * X2) ^ 1.5380319357)) ^ exp(((-0.1244520023) * X2))) + (0.6549768448 * X2))
8;inf;(((((-0.0097424928) * X1) * ((-41.0766296387) * X1)) * exp(((-0.2887732387) * X2))) + (1.1239916086 * X2))
5;inf;(((1.4426950216 * X1) * (0.1566368341 * X1)) + (0.9143790007 * X2))
14;nan;(((-0.4416557848) + ((0.4115591645 * X2) + ((((2.1888659000 * X1) * (0.1021675766 * X1)) + (0.5455639362 * X2)) ^ exp(((-0.1641520858) * X2))))) * 1.8343718052)
13;inf;(((((1.4857467413 * X1) * (0.2586909533 * X1)) + ((0.9071219563 * X2) ^ 1.4718859196)) ^ exp(((-0.1901935190) * X2))) * exp((0.1815015525 * X2)))
20;nan;(((-0.7629138231) + (((((((-0.0105859200) * X1) * ((-37.6255912781) * X1)) + (0.9275143743 * X2)) + ((-0.0432978459) * X1)) ^ exp(((-0.2119205743) * X2))) * (((8.1546974182 * X2) ^ 0.0172397904) + (0.2153061926 * X2)))) + (0.5829744339 * X2))
2;7.429138307998865;exp((0.2887660861 * X2))
19;nan;(((-0.2861014903) + ((((((0.2484313399 * X1) * (0.6651792526 * X1)) + (0.5067928433 * X2)) + ((-0.0181018151) * X1)) ^ exp(((-0.2870623469) * X2))) * exp((0.0603290349 * X2)))) * (2.3728961945 + (0.3500444889 * X2)))
18;nan;((((((((3.6922354698 * X1) * ((-0.0148841897) * X1)) * log(abs((0.0001158265 * X1)))) + (1.2043159008 * X2)) + ((-0.0439290963) * X1)) ^ exp(((-0.1247003153) * X2))) + (0.8391373754 * X2)) + log(abs(0.3589477837)))
17;nan;(((0.8664681315 * X2) + (-0.9212395549)) + (((((((-0.3353697360) * X1) * ((-1.2236682177) * X1)) * exp((0.0492362604 * X2))) + ((-0.0480923504) * X1)) + (1.1697441339 * X2)) ^ exp(((-0.1428866386) * X2))))
3;2.00687250837775;((9.8772296906 * X2) ^ 0.4781478643)
9;nan;((((0.3976390958 * X1) * (0.7037681341 * X1)) * exp(((-0.2803266943) * X2))) + sqrt((7.8257184029 * X2)))
8;inf;(((((-0.0120453043) * X1) * ((-34.9834823608) * X1)) * exp(((-0.2593495548) * X2))) + (1.1237112284 * X2))
6;inf;log(abs((((1.8421859741 * X1) * (5.8656582832 * X1)) + (34.4458770752 * X2))))
5;inf;((((-2.1148412228) * X1) * ((-0.0964227021) * X1)) + (0.8247305155 * X2))
16;nan;(((((((2.7153897285 * X1) * (0.1557947844 * X1)) + ((-0.0573644713) * X1)) + (1.2045940161 * X2)) ^ exp(((-0.1262688041) * X2))) + (0.0067876964 * X1)) + ((-1.0251501799) + (0.8391699791 * X2)))
15;nan;((((((((-0.0077815242) * X1) * ((-51.5665626526) * X1)) + (1.1633131504 * X2)) + ((-0.0440105423) * X1)) ^ exp(((-0.1249003112) * X2))) + (0.8288236856 * X2)) + log(abs(0.4158256948)))
12;nan;(((((1.3938927650 * X1) * (0.2743325830 * X1)) + ((0.6240029335 * X2) ^ 1.5295596123)) ^ exp(((-0.1220583469) * X2))) + (0.6549768448 * X2))
7;24.601805974853452;(((((-2.1148412228) * X1) * ((-0.0964227021) * X1)) + (0.8826169372 * X2)) ^ (-0.0299878120))
4;inf;(log(abs(((-6.6058001518) * X1))) + (1.0256050825 * X2))
14;inf;(((0.8292663097 * X2) + (-0.8800572157)) + ((exp((log(abs((0.6924778223 * X1))) * 1.8737542629)) + (1.1645883322 * X2)) ^ exp(((-0.1244752109) * X2))))
13;nan;((-0.2514906228) * ((((((-0.0031850697) * X1) * ((-40.6425323486) * X1)) + (0.3840297461 * X2)) ^ exp(((-0.2715805173) * X2))) * exp((0.1241745949 * X2))))
20;inf;((-0.7538501024) + ((((((((2.5460271835 * X1) * (0.0579884835 * X1)) + ((-0.2034891844) * X2)) + (0.5932160020 * X2)) + ((-0.0159897152) * X1)) ^ exp(((-0.2093897015) * X2))) + (0.1650831103 * X2)) * exp(exp((0.0267967917 * X2)))))
2;inf;exp((0.2907788754 * X2))
19;nan;(((-0.3209356666) + ((((((((-0.0051204413) * X1) * ((-32.7085647583) * X1)) + (0.4465132058 * X2)) + ((-0.0180953778) * X1)) ^ exp(((-0.1960829347) * X2))) + (0.2104082108 * X2)) * exp((0.0254874080 * X2)))) * 2.4092748165)
18;nan;(((0.8075968623 * X2) + (-0.6599586010)) + (((exp((log(abs((0.6821703911 * X1))) * 1.8951319456)) + ((-0.0439644605) * X1)) + ((1.1286497116 * X2) + (-0.3092238903))) ^ exp(((-0.1280249357) * X2))))
17;inf;((((-0.2285925895) + (((((2.5460271835 * X1) * (0.0507564396 * X1)) + (0.3820301592 * X2)) ^ exp(((-0.2784763575) * X2))) * exp((0.1183718815 * X2)))) * 3.0489225388) + ((-0.0132276714) * X1))
3;nan;((9.4741535187 * X2) ^ 0.4749544561)
9;inf;((((0.2293935418 * X1) * (1.1306450367 * X1)) * exp(((-0.3533259034) * X2))) + sqrt((6.2347302437 * X2)))
8;inf;(((((-0.0097424928) * X1) * ((-41.0766296387) * X1)) * exp(((-0.2891383171) * X2))) + (1.1241024733 * X2))
6;inf;log(abs((((1.8421859741 * X1) * (6.2206172943 * X1)) + (36.2153663635 * X2))))
5;inf;((((-0.0070486334) * X1) * ((-28.1458549500) * X1)) + (0.8020051718 * X2))
16;nan;(((((((2.3587484360 * X1) * (0.1756648123 * X1)) + (1.2122218609 * X2)) + ((-0.0574279912) * X1)) ^ exp(((-0.1244520023) * X2))) + (0.0068313610 * X1)) + ((-1.0502533913) + (0.8408569098 * X2)))
15;nan;(((0.8391372561 * X2) + (-1.0245790482)) + (((((3.8055393696 * X1) * ((-0.0155240512) * X1)) * log(abs((0.0001955889 * X1)))) + (1.2040612698 * X2)) ^ exp(((-0.1264788657) * X2))))
12;inf;(((((0.2367660850 * X1) * (1.6148784161 * X1)) + ((0.6240694523 * X2) ^ 1.5284448862)) ^ exp(((-0.1205806509) * X2))) + (0.6552323699 * X2))
7;inf;(((((-2.1148412228) * X1) * ((-0.0964227021) * X1)) + (0.8849584460 * X2)) ^ (-0.0299878120))
4;1.8377872465703207;(1.3765354156 + sqrt((5.3160943985 * X2)))
14;nan;(((exp((log(abs((0.6924778223 * X1))) * 1.8737542629)) + (1.1606996059 * X2)) ^ exp(((-0.1261364818) * X2))) + ((-0.8774907589) + (0.8288239241 * X2)))
13;inf;((((-2.5641028881) + exp((log(abs((0.7914658785 * X1))) * 1.7120071650))) * exp(((-0.3471885324) * X2))) + sqrt((7.8672323227 * X2)))
20;nan;(((-0.2773158550) + ((0.1727187186 * X2) + ((((((0.2524560094 * X1) * (0.5848270655 * X1)) + (0.3895488679 * X2)) + ((-0.0141314296) * X1)) + ((-0.0018592845) * X1)) ^ exp(((-0.2093490660) * X2))))) * exp(exp((0.0267037861 * X2))))
2;7.3021560976984095;exp((0.2913145721 * X2))
18;nan;(((-0.2125527859) + (((0.1763263345 * X2) ^ 1.3028502464) + (((((2.1264226437 * X1) * (0.0604539737 * X1)) + (0.3601427376 * X2)) + ((-0.0138336383) * X1)) ^ exp(((-0.1992170066) * X2))))) * 3.0985469818)
17;inf;(((0.8292586207 * X2) + (-0.8800316453)) + ((((((4.4072527885 * X1) * (0.0937274992 * X1)) + ((-0.0440150537) * X1)) + (1.1633013487 * X2)) ^ exp(((-0.0000204076) * X2))) ^ exp(((-0.1262511313) * X2))))
16;nan;((((-0.3391374946) + (((((2.6552436352 * X1) * (0.0677140132 * X1)) + (0.4062360525 * X2)) ^ exp(((-0.1829378903) * X2))) + (0.3155830801 * X2))) * 2.2673683167) + ((-0.0134163741) * X1))
8;inf;((((3.7033092976 * X1) * (0.1164362282 * X1)) ^ exp(((-0.1703309864) * X2))) + (0.9925417900 * X2))
7;inf;(((((-0.0053803921) * X1) * ((-37.9011573792) * X1)) + (0.8893810511 * X2)) ^ (-0.0299878120))
5;inf;((((-0.0053803921) * X1) * ((-37.9011573792) * X1)) + (0.9798028469 * X2))
4;inf;(log(abs((29.9938125610 * X2))) + (0.3026083708 * X2))
15;inf;((((exp((log(abs((0.6924778223 * X1))) * 1.8737542629)) + (1.1606981754 * X2)) ^ exp(((-0.1262714714) * X2))) + (0.8288236856 * X2)) * log(abs(0.4158256948)))
14;nan;(((0.8004825711 * X2) + (-0.5515696406)) + (((((4.4067134857 * X1) * (0.0937174335 * X1)) + (-0.3136195242)) + (1.1040524244 * X2)) ^ exp(((-0.1296943426) * X2))))
9;inf;(sqrt((6.2326984406 * X2)) + (((1.5400243998 * X1) * (0.1684971005 * X1)) * exp(((-0.2484784275) * X2))))
6;inf;log(abs((((2.5842559338 * X1) * (6.3004789352 * X1)) + (36.0148887634 * X2))))
3;2.8021716188740014e+70;(((-0.0241962895) * X1) + (1.3442788124 * X2))
