length;mse;model
1;3.714186928535865e+73;(0.8809100389 * X1)
13;inf;((0.0087775951 * X1) * (((0.0079055270 * X1) * ((((-2.7327327728) * X1) + (0.2609191537 * X2)) * exp(((-0.3941689134) * X2)))) + exp(((-0.3033444881) * X2))))
18;nan;((((exp((0.9545415640 * X2)) + ((((-8.9077968597) * X1) + exp((0.2618681490 * X2))) * (0.3790642023 * X1))) * (0.0164508503 * X1)) + (2.7862999439 * X1)) * (exp((0.1356069744 * X2)) + ((-0.3666882515) * X2)))
8;nan;(((-0.9283998013) * X1) * (log(abs(log(abs(((-0.0254548825) * X1))))) * exp(((-0.2748995125) * X2))))
7;nan;(((-0.9283998013) * X1) * (log(abs(((-0.0307196695) * X1))) * exp(((-0.2748995125) * X2))))
9;inf;(exp((((-0.0233585816) * X1) * (1.0505617857 * X1))) * ((2.9214611053 * X1) * exp(((-0.2754889727) * X2))))
10;nan;((((((-0.0517821796) * X1) * (0.7341285944 * X1)) * (1.3708856106 * X1)) + (2.8284614086 * X1)) * exp(((-0.2754925191) * X2)))
4;1.8215782260647602e+71;(exp(((-0.2740370631) * X2)) * ((-0.2380704284) * X1))
2;47.47353040316022;exp(((-0.0050863535) * X1))
14;nan;((0.2933468819 * X1) + ((((((-0.0579993650) * X1) * (0.7341285944 * X1)) * (1.3937953711 * X1)) + (2.5995285511 * X1)) * (exp(((-0.2822132111) * X2)) + ((-0.0220428016) * X2))))
11;inf;((2.0463860035 * X1) * (exp(((-0.3025172353) * X2)) + (((-0.0363670923) * X1) * (exp(((-0.3908242583) * X2)) * (0.5921862125 * X1)))))
6;nan;(((-0.2732442617) * X1) * (log(abs(((-0.0010346028) * X1))) + (0.7541755438 * X2)))
17;nan;((((((-0.0316601060) * X1) * (0.7202248573 * X1)) + exp((0.0033232940 * X1))) * ((2.6003210545 * X1) * (exp(((-0.2820800245) * X2)) + ((-0.0220027976) * X2)))) + (7.2473578453 + (0.2917432785 * X1)))
12;inf;(((2.8292748928 * X1) * exp(((-0.3738808334) * X2))) * ((((-0.0300624706) * X1) * (0.7341285944 * X1)) + (1.0307340622 + (0.0958823487 * X2))))
5;inf;exp(((0.0087775951 * X1) * exp(((-0.2740367651) * X2))))
15;nan;((((exp((0.9521970153 * X2)) + (((-1.2584221363) * X1) * (2.6666164398 * X1))) * (0.0165552683 * X1)) + (2.7849390507 * X1)) * (exp((0.1355252117 * X2)) + ((-0.3664472103) * X2)))
20;nan;(7.2377409935 + ((((exp((0.9550801516 * X2)) + ((((-11.0103654861) * X1) + log(abs((5.3600568771 * X2)))) * (0.3091527224 * X1))) * (0.0163071807 * X1)) + (2.7855162621 * X1)) * (exp((0.1354745030 * X2)) + ((-0.3663421273) * X2))))
1;4.154386116540082e+73;(0.9316470027 * X1)
12;47.35230225002834;exp(((0.0087775951 * X1) * (exp(((-0.3025172353) * X2)) + (((-0.0363670923) * X1) * (exp(((-0.3908242583) * X2)) * (0.5921862125 * X1))))))
18;nan;((((exp((0.9538245797 * X2)) + ((((-8.9077968597) * X1) + exp((0.2618681490 * X2))) * (0.3790642023 * X1))) * (0.0164508503 * X1)) + (2.7859561443 * X1)) * (exp((0.1355414540 * X2)) + ((-0.3665064871) * X2)))
8;nan;((2.2006139755 * X1) * (log(abs(log(abs(((-0.0307196695) * X1))))) * exp(((-0.2734089792) * X2))))
7;nan;(((-0.9283998013) * X1) * (log(abs(((-0.0307196695) * X1))) * exp(((-0.2751986980) * X2))))
9;inf;((2.2059288025 * X1) * (exp((((-0.0233585816) * X1) * (1.0505617857 * X1))) * exp(((-0.2756823301) * X2))))
10;nan;((((((-0.0517821796) * X1) * (0.7341285944 * X1)) * (1.3708856106 * X1)) + (2.8284614086 * X1)) * exp(((-0.2731730938) * X2)))
4;inf;((2.0463860035 * X1) * exp(((-0.2742309570) * X2)))
3;47.47324415855038;sqrt(exp(((-0.0101319579) * X1)))
2;47.455561860098655;exp(((-0.0038130160) * X1))
13;inf;((0.0087775951 * X1) * (((0.0068910639 * X1) * ((((-3.1301636696) * X1) + (0.3024113774 * X2)) * exp(((-0.3926631510) * X2)))) + exp(((-0.3030254841) * X2))))
11;inf;((2.0463860035 * X1) * (exp(((-0.3025172353) * X2)) + (((-0.0105114523) * X1) * ((2.0463860035 * X1) * exp(((-0.3926631510) * X2))))))
6;nan;((log(abs(((-0.0010346028) * X1))) + (0.7512409687 * X2)) * ((-0.2756492198) * X1))
17;nan;((exp((0.0150981508 * X1)) * (0.2892217934 * X1)) + ((((((-0.0571281426) * X1) * (0.7395096421 * X1)) * (1.4039921761 * X1)) + (2.6025667191 * X1)) * (exp(((-0.2787703276) * X2)) + ((-0.0219405964) * X2))))
15;nan;((((exp((0.9521970153 * X2)) + (((-1.2584221363) * X1) * (2.6666164398 * X1))) * (0.0165552683 * X1)) + (2.7849390507 * X1)) * (exp((0.1355414540 * X2)) + ((-0.3665064871) * X2)))
5;inf;exp(((0.0137454271 * X1) * exp(((-0.2743588984) * X2))))
14;nan;((0.2933468819 * X1) + ((((((-0.0589013658) * X1) * (0.7282894254 * X1)) * (1.3827095032 * X1)) + (2.6010987759 * X1)) * (exp(((-0.2822132111) * X2)) + ((-0.0220252238) * X2))))
20;nan;(7.2350196838 + ((((exp((0.9545415640 * X2)) + ((((-8.9077968597) * X1) + exp((0.2618681490 * X2))) * (0.3790642023 * X1))) * (0.0164508503 * X1)) + (2.7862999439 * X1)) * (exp((0.1356069744 * X2)) + ((-0.3666882515) * X2))))
1;26.10833485319992;(2.1582067013 * X2)
12;47.35219899544931;exp(((0.0087775951 * X1) * ((((-0.0361370556) * X1) * (exp(((-0.3941689134) * X2)) * (0.5921862125 * X1))) + exp(((-0.3033444881) * X2)))))
18;nan;((((exp((0.9538245797 * X2)) + ((((-8.9077968597) * X1) + exp((0.2618681490 * X2))) * (0.3790642023 * X1))) * (0.0164508503 * X1)) + (2.7862999439 * X1)) * (exp((0.1355252117 * X2)) + ((-0.3664472103) * X2)))
8;nan;((2.2006139755 * X1) * (log(abs(log(abs(((-0.0254548825) * X1))))) * exp(((-0.2787703276) * X2))))
7;nan;(((-0.9283998013) * X1) * (log(abs(((-0.0307196695) * X1))) * exp(((-0.2755359709) * X2))))
9;inf;((2.2059288025 * X1) * (exp((((-0.0233585816) * X1) * (1.0505617857 * X1))) * exp(((-0.2751986980) * X2))))
10;nan;(exp(((-0.2753113806) * X2)) * (((((-0.0505417101) * X1) * (0.7306964993 * X1)) * (1.3708856106 * X1)) + (2.8284614086 * X1)))
4;inf;(exp(((-0.2743588984) * X2)) * (2.0466647148 * X1))
3;47.453640048335956;sqrt(exp(((-0.0073548104) * X1)))
2;47.45047490458728;exp(((-0.0034543315) * X1))
13;inf;((0.0087775951 * X1) * (((0.0079055270 * X1) * ((((-2.7327327728) * X1) + (0.2609191537 * X2)) * exp(((-0.3941689134) * X2)))) + exp(((-0.3030254841) * X2))))
11;inf;((2.0463860035 * X1) * (exp(((-0.3033444881) * X2)) + (((-0.0363670923) * X1) * (exp(((-0.3908242583) * X2)) * (0.5921862125 * X1)))))
6;nan;(((-0.2735675573) * X1) * (log(abs(((-0.0009636218) * X1))) + (0.7552962303 * X2)))
17;nan;(7.2716226578 + ((((exp((0.9521970153 * X2)) + (((-1.2584221363) * X1) * (2.6666164398 * X1))) * (0.0165552683 * X1)) + (2.7849390507 * X1)) * (exp((0.1355252117 * X2)) + ((-0.3664472103) * X2))))
15;nan;((((exp((0.9521970153 * X2)) + (((-1.2584221363) * X1) * (2.6666164398 * X1))) * (0.0165552683 * X1)) + (2.7777338028 * X1)) * (exp((0.1355414540 * X2)) + ((-0.3665064871) * X2)))
5;inf;exp(((0.0087775951 * X1) * exp(((-0.2701213360) * X2))))
14;nan;((0.2933468819 * X1) + ((((((-0.0589013658) * X1) * (0.7282894254 * X1)) * (1.3827095032 * X1)) + (2.6010987759 * X1)) * (exp(((-0.2827813327) * X2)) + ((-0.0220190920) * X2))))
20;nan;(7.2350196838 + ((((exp((0.9545415640 * X2)) + ((((-8.9077968597) * X1) + exp((0.2583293915 * X2))) * (0.3790642023 * X1))) * (0.0164508503 * X1)) + (2.7862999439 * X1)) * (exp((0.1356069744 * X2)) + ((-0.3666882515) * X2))))
1;20.43840576241589;(1.4426950216 * X2)
12;inf;(((2.7861056328 * X1) * exp(((-0.3740162849) * X2))) * ((((-4.4002599716) * X1) * (0.0049544894 * X1)) + (1.0033153296 + (0.0933309942 * X2))))
18;nan;((((exp((0.9545415640 * X2)) + ((((-8.9077968597) * X1) + exp((0.2618681490 * X2))) * (0.3790642023 * X1))) * (0.0164508503 * X1)) + (2.7859561443 * X1)) * (exp((0.1355414540 * X2)) + ((-0.3665064871) * X2)))
8;nan;((2.2006139755 * X1) * (log(abs(log(abs(((-0.0254548825) * X1))))) * exp(((-0.2794879973) * X2))))
7;nan;(((-0.8082255721) * X1) * (log(abs(((-0.0307196695) * X1))) * exp(((-0.2756676972) * X2))))
9;inf;((exp(((-0.2743588984) * X2)) * (2.0466647148 * X1)) * exp((((-0.0233585816) * X1) * (1.0505617857 * X1))))
10;nan;((((((-0.0517859384) * X1) * (0.7341285944 * X1)) * (1.4142135382 * X1)) + (2.8284614086 * X1)) * exp(((-0.2748995125) * X2)))
4;2.793355922288867e+72;(((-0.9283998013) * X1) * exp(((-0.2731730938) * X2)))
3;28.975026418067433;exp(exp(((-0.0016753450) * X1)))
2;47.44702819100402;exp(((-0.0032117500) * X1))
13;inf;((0.0087775951 * X1) * (((0.0068910639 * X1) * ((((-3.1301636696) * X1) + (0.3024113774 * X2)) * exp(((-0.3941689134) * X2)))) + exp(((-0.3030254841) * X2))))
11;inf;(((3.7591018677 * X1) * exp(((-0.3819231391) * X2))) * (exp((0.0821434408 * X2)) + (((-0.0277887378) * X1) * (0.7685834765 * X1))))
6;nan;(((-0.2665250301) * X1) * (log(abs(((-0.0010346028) * X1))) + (0.7732754946 * X2)))
17;nan;((((exp((0.9538245797 * X2)) + ((((-8.9077968597) * X1) + (0.0150981508 * X1)) * (0.3790642023 * X1))) * (0.0164508503 * X1)) + (2.7859561443 * X1)) * (exp((0.1355414540 * X2)) + ((-0.3665064871) * X2)))
15;nan;((((exp((0.9521970153 * X2)) + (((-1.2584221363) * X1) * (2.6666164398 * X1))) * (0.0165226385 * X1)) + (2.7860922813 * X1)) * (exp((0.1356204748 * X2)) + ((-0.3667160869) * X2)))
5;inf;exp(((0.0137454271 * X1) * exp(((-0.2697230279) * X2))))
14;nan;((0.2933468819 * X1) + ((((((-0.0589013658) * X1) * (0.7282894254 * X1)) * (1.3827095032 * X1)) + (2.6010987759 * X1)) * (exp(((-0.2835082412) * X2)) + ((-0.0220190920) * X2))))
20;nan;(7.2350196838 + ((((exp((0.9545415640 * X2)) + ((((-8.9077968597) * X1) + exp((0.2618681490 * X2))) * (0.3790642023 * X1))) * (0.0164508503 * X1)) + (2.7862999439 * X1)) * (exp((0.1355414540 * X2)) + ((-0.3665064871) * X2))))
1;9.064037291818735;8.0377616882
12;inf;(((2.8292748928 * X1) * exp(((-0.3738808334) * X2))) * ((((-0.0305086914) * X1) * (0.7353974581 * X1)) + (1.0307340622 + (0.0958823487 * X2))))
18;nan;((((exp((0.9545415640 * X2)) + ((((-8.9077968597) * X1) + exp((0.2618681490 * X2))) * (0.3790642023 * X1))) * (0.0164508503 * X1)) + (2.7862999439 * X1)) * (exp((0.1355252117 * X2)) + ((-0.3664472103) * X2)))
9;inf;(exp((((-0.0233585816) * X1) * (1.0505617857 * X1))) * ((2.0463860035 * X1) * exp(((-0.2742309570) * X2))))
8;nan;(((-0.9227771759) * X1) * (log(abs(log(abs(((-0.0250350088) * X1))))) * exp(((-0.2759695649) * X2))))
10;nan;((((((-0.0517859384) * X1) * (0.7341285944 * X1)) * (1.3708856106 * X1)) + (2.8285975456 * X1)) * exp(((-0.2701213360) * X2)))
11;inf;((0.0249172412 * X1) * (exp(((-0.3025172353) * X2)) + (((-0.0361370556) * X1) * (exp(((-0.3941689134) * X2)) * (0.5921862125 * X1)))))
5;inf;exp(((0.0018202404 * X1) * exp(((-0.2740367651) * X2))))
4;1.9691320537521982e+69;((0.0249172412 * X1) * exp(((-0.2754127681) * X2)))
3;29.034697357444895;exp(exp(((-0.0032117500) * X1)))
2;47.505193615754145;exp(((-0.0073548104) * X1))
15;nan;((((exp((0.9521970153 * X2)) + (((-1.2584221363) * X1) * (2.6666164398 * X1))) * (0.0165552683 * X1)) + (2.7777338028 * X1)) * (exp((0.1357906014 * X2)) + ((-0.3671687245) * X2)))
7;nan;(((-0.9283998013) * X1) * (log(abs(((-0.0307196695) * X1))) * exp(((-0.2740367055) * X2))))
17;nan;(7.2350196838 + ((((exp((0.9545415640 * X2)) + (((-1.2584221363) * X1) * (2.6666164398 * X1))) * (0.0164508503 * X1)) + (2.7862999439 * X1)) * (exp((0.1356069744 * X2)) + ((-0.3666882515) * X2))))
16;47.34986976450308;exp(((0.0087775951 * X1) * ((exp(((-0.2405882031) * X2)) + (((-0.0332634524) * X1) * ((exp(((-0.2154869139) * X2)) + ((-0.0393074155) * X2)) * (0.5921862125 * X1)))) + ((-0.0149834342) * X2))))
13;inf;((0.0087775951 * X1) * (((0.0079055270 * X1) * ((((-2.7327327728) * X1) + (0.2609191537 * X2)) * exp(((-0.3941689134) * X2)))) + exp(((-0.3039087951) * X2))))
6;nan;((log(abs(((-0.0010346028) * X1))) + (0.7377799153 * X2)) * ((-0.2796244621) * X1))
14;nan;((0.2933468819 * X1) + ((((((-0.0589013658) * X1) * (0.7282894254 * X1)) * (1.3827095032 * X1)) + (2.6010987759 * X1)) * (exp(((-0.2798036635) * X2)) + ((-0.0223271735) * X2))))
20;nan;(7.2363891602 + ((((exp((0.9514037371 * X2)) + ((((-9.9531908035) * X1) + exp((0.2879980505 * X2))) * (0.3341090381 * X1))) * (0.0166978780 * X1)) + (2.7855606079 * X1)) * (exp((0.1356152892 * X2)) + ((-0.3666895628) * X2))))
1;8.542216683822902;7.5763144493
12;inf;(((2.8292748928 * X1) * exp(((-0.3773337901) * X2))) * ((((-0.0300624706) * X1) * (0.7341285944 * X1)) + (1.0307340622 + (0.0958823487 * X2))))
18;nan;((((exp((0.9545415640 * X2)) + ((((-8.9077968597) * X1) + exp((0.2618681490 * X2))) * (0.3790642023 * X1))) * (0.0164508503 * X1)) + (2.7862999439 * X1)) * (exp((0.1352599263 * X2)) + ((-0.3657699823) * X2)))
9;inf;(exp((((-0.0233585816) * X1) * (1.0505617857 * X1))) * ((2.1372265816 * X1) * exp(((-0.2740367651) * X2))))
8;nan;(log(abs(log(abs(((-0.0307196695) * X1))))) * ((2.9214611053 * X1) * exp(((-0.2697230279) * X2))))
10;47.33861658497425;exp(((0.0087775951 * X1) * (exp((((-0.0233585816) * X1) * (1.0505617857 * X1))) * exp(((-0.2754127681) * X2)))))
11;inf;((exp((0.0758366957 * X2)) + (((-0.0308879260) * X1) * (0.6851285100 * X1))) * ((2.9160852432 * X1) * exp(((-0.3738808334) * X2))))
5;inf;exp(((0.0087775951 * X1) * exp(((-0.2808545530) * X2))))
4;inf;((2.0463860035 * X1) * exp(((-0.2755359709) * X2)))
3;47.43750241312415;sqrt(exp(((-0.0050863535) * X1)))
2;47.43728717050612;exp(((-0.0025281110) * X1))
15;nan;((((exp((0.9521970153 * X2)) + (((-1.2584221363) * X1) * (2.6666164398 * X1))) * (0.0165552683 * X1)) + (2.7777338028 * X1)) * (exp((0.1347460896 * X2)) + ((-0.3645976484) * X2)))
7;nan;(((-0.9227771759) * X1) * (log(abs(((-0.0307196695) * X1))) * exp(((-0.2718899846) * X2))))
17;nan;(7.2368855476 + ((((exp((0.9521970153 * X2)) + (((-1.2584221363) * X1) * (2.6666164398 * X1))) * (0.0165552683 * X1)) + (2.7777338028 * X1)) * (exp((0.1357906014 * X2)) + ((-0.3671687245) * X2))))
16;47.34993431341008;exp(((0.0087775951 * X1) * ((exp(((-0.2405882031) * X2)) + (((-0.0332634524) * X1) * ((exp(((-0.2141011804) * X2)) + ((-0.0393074155) * X2)) * (0.5921862125 * X1)))) + ((-0.0149834342) * X2))))
13;inf;((0.0087775951 * X1) * (((0.0079055270 * X1) * ((((-2.7327327728) * X1) + (0.2609191537 * X2)) * exp(((-0.3941689134) * X2)))) + exp(((-0.3025172353) * X2))))
6;nan;(((-0.2735675573) * X1) * (log(abs(((-0.0008883188) * X1))) + (0.7552962303 * X2)))
14;nan;((0.2933468819 * X1) + ((((((-0.0589013658) * X1) * (0.7282894254 * X1)) * (1.3827095032 * X1)) + (2.6010987759 * X1)) * (exp(((-0.2808545530) * X2)) + ((-0.0220190920) * X2))))
20;nan;(((-0.0038130160) * X1) + ((((exp((0.9545415640 * X2)) + ((((-8.9077968597) * X1) + exp((0.2583293915 * X2))) * (0.3790642023 * X1))) * (0.0164508503 * X1)) + (2.7862999439 * X1)) * (exp((0.1356069744 * X2)) + ((-0.3666882515) * X2))))
1;8.93865236822176;7.9546813965
12;inf;((exp(((-0.3775146604) * X2)) * (0.5921862125 * X1)) * ((((-0.0300624706) * X1) * (0.7341285944 * X1)) + (1.0307340622 + (0.0958823487 * X2))))
18;nan;((((exp((0.9543550014 * X2)) + ((((-11.3308286667) * X1) + exp((0.2618681490 * X2))) * (0.3028599918 * X1))) * (0.0161634404 * X1)) + (2.7846758366 * X1)) * (exp((0.1352599263 * X2)) + ((-0.3657699823) * X2)))
8;nan;(((-0.9942941070) * X1) * (log(abs(log(abs(((-0.0254548825) * X1))))) * exp(((-0.2817152739) * X2))))
7;nan;(((-0.9283998013) * X1) * (log(abs(((-0.0307196695) * X1))) * exp(((-0.2787703276) * X2))))
9;inf;(exp((((-0.0233585816) * X1) * (1.0505617857 * X1))) * ((2.9214611053 * X1) * exp(((-0.2734089792) * X2))))
10;47.33893077860541;exp(((0.0087775951 * X1) * (exp((((-0.0233585816) * X1) * (1.0505617857 * X1))) * exp(((-0.2787703276) * X2)))))
4;inf;((1.8678754568 * X1) * exp(((-0.2756823301) * X2)))
3;47.50748558668839;sqrt(exp(((-0.0150405020) * X1)))
2;47.42507919817852;exp(((-0.0016753450) * X1))
13;nan;((exp((0.0767030045 * X2)) + (((-0.0302257463) * X1) * (0.7010098696 * X1))) * ((2.9174599648 * X1) * (exp(((-0.3604637086) * X2)) + ((-0.0021156233) * X2))))
11;inf;((exp((0.0767030045 * X2)) + (((-0.0302257463) * X1) * (0.7010098696 * X1))) * ((2.9174599648 * X1) * exp(((-0.3775146604) * X2))))
6;nan;(((-0.2701551914) * X1) * (log(abs(((-0.0006443548) * X1))) + (0.8045089245 * X2)))
17;nan;((((((-0.0310946237) * X1) * (0.7341285944 * X1)) + exp((0.0019688930 * X1))) * ((2.6005446911 * X1) * (exp(((-0.2798036635) * X2)) + ((-0.0221093670) * X2)))) + (7.2816443443 + (0.2932454348 * X1)))
15;nan;((((exp((0.9521970153 * X2)) + (((-1.2584221363) * X1) * (2.6666164398 * X1))) * (0.0165552683 * X1)) + (2.7849390507 * X1)) * (exp((0.1356069744 * X2)) + ((-0.3664472103) * X2)))
5;inf;exp(((0.0087775951 * X1) * exp(((-0.2813423276) * X2))))
14;nan;((0.2933468819 * X1) + ((((((-0.0722939521) * X1) * (0.7341285944 * X1)) * (1.3937953711 * X1)) + (3.2381103039 * X1)) * (exp(((-0.2357506901) * X2)) + (-0.2018979788))))
19;nan;(7.2365269661 + ((((exp((0.9535069466 * X2)) + ((((-4.0475935936) * X1) + (0.3860175610 * X2)) * (0.8230441213 * X1))) * (0.0166948345 * X1)) + (2.7870161533 * X1)) * (exp((0.1357906014 * X2)) + ((-0.3671687245) * X2))))
1;9.29567057418219;6.3113121986
12;inf;(((2.8292748928 * X1) * exp(((-0.3773337901) * X2))) * ((((-4.4002599716) * X1) * (0.0049544894 * X1)) + (1.0307340622 + (0.0958823487 * X2))))
18;nan;((((exp((0.9457321763 * X2)) + ((((-12.5368576050) * X1) + exp((0.3392356038 * X2))) * (0.2539889812 * X1))) * (0.0174621139 * X1)) + (2.7858333588 * X1)) * (exp((0.1359701604 * X2)) + ((-0.3675909638) * X2)))
9;inf;((2.2059288025 * X1) * (exp((((-0.0233585816) * X1) * (1.0505617857 * X1))) * exp(((-0.2787703276) * X2))))
8;nan;(log(abs(log(abs(((-0.0254548825) * X1))))) * ((2.9214611053 * X1) * exp(((-0.2820672095) * X2))))
10;nan;((((((-0.0517821796) * X1) * (0.7341285944 * X1)) * (1.3872036934 * X1)) + (2.7732145786 * X1)) * exp(((-0.2701213360) * X2)))
11;nan;(exp(((-0.3775146604) * X2)) * ((2.9711184502 * X1) * (exp((0.0765554532 * X2)) + (((-0.0240482967) * X1) * (0.8809100389 * X1)))))
5;2.0360605117977926e+72;(((-0.7966527939) * X1) * (0.7292486429 ^ (0.8685116768 * X2)))
4;1.644841724674933e+73;(((-0.7946739197) * X1) * exp(((-0.2757754028) * X2)))
3;47.425822996540624;sqrt(exp(((-0.0034543315) * X1)))
2;47.415931895110845;exp(((-0.0010713893) * X1))
15;nan;((((exp((0.9521970153 * X2)) + (((-1.2584221363) * X1) * (2.6666164398 * X1))) * (0.0165552683 * X1)) + (2.7777338028 * X1)) * (exp((0.1356523633 * X2)) + ((-0.3665064871) * X2)))
7;nan;(((-0.9283998013) * X1) * (log(abs(((-0.0307196695) * X1))) * exp(((-0.2794879973) * X2))))
17;nan;(7.2368855476 + ((((exp((0.9521970153 * X2)) + (((-1.2584221363) * X1) * (2.6666164398 * X1))) * (0.0165552683 * X1)) + (2.7777338028 * X1)) * (exp((0.1347460896 * X2)) + ((-0.3645976484) * X2))))
16;47.390394409371304;exp(((0.0018202404 * X1) * ((exp(((-0.2405882031) * X2)) + (((-0.0332634524) * X1) * ((exp(((-0.2154869139) * X2)) + ((-0.0393074155) * X2)) * (0.5921862125 * X1)))) + ((-0.0149834342) * X2))))
13;inf;((exp((0.0758366957 * X2)) + (((-0.0308879260) * X1) * (0.6851285100 * X1))) * ((2.9160852432 * X1) * (exp(((-0.3592368066) * X2)) + ((-0.0021454073) * X2))))
6;nan;(((-0.2838952541) * X1) * (log(abs(((-0.0009198979) * X1))) + (0.7362299562 * X2)))
14;nan;((0.2933468819 * X1) + ((((((-0.0589013658) * X1) * (0.7282894254 * X1)) * (1.3827095032 * X1)) + (2.6010987759 * X1)) * (exp(((-0.2798661888) * X2)) + ((-0.0220190920) * X2))))
20;nan;(7.2380619049 + ((((exp((0.9543550014 * X2)) + ((((-11.3308286667) * X1) + exp((0.2618681490 * X2))) * (0.3028599918 * X1))) * (0.0161634404 * X1)) + (2.7846758366 * X1)) * (exp((0.1352599263 * X2)) + ((-0.3657699823) * X2))))
1;8.543988429887756;7.5789508820
12;inf;(((2.8292748928 * X1) * exp(((-0.3738808334) * X2))) * ((((-0.0277887378) * X1) * (0.7685834765 * X1)) + (1.0307340622 + (0.0958823487 * X2))))
18;nan;((((exp((0.9534175396 * X2)) + ((((-12.7142457962) * X1) + exp((0.3565697372 * X2))) * (0.2706352770 * X1))) * (0.0161185618 * X1)) + (2.7839138508 * X1)) * (exp((0.1351264417 * X2)) + ((-0.3654118776) * X2)))
8;nan;(((-0.9283998013) * X1) * (log(abs(log(abs(((-0.0254548825) * X1))))) * exp(((-0.2824153900) * X2))))
7;nan;(((-0.9283998013) * X1) * (log(abs(((-0.0307196695) * X1))) * exp(((-0.2807690203) * X2))))
9;inf;(exp((((-0.0233585816) * X1) * (1.0505617857 * X1))) * ((2.1372265816 * X1) * exp(((-0.2794879973) * X2))))
10;inf;(exp((((-0.0233585816) * X1) * (1.0505617857 * X1))) * ((0.7331857085 ^ (0.8876922131 * X2)) * (2.0466647148 * X1)))
4;inf;((2.1377875805 * X1) * exp(((-0.2759624124) * X2)))
3;47.41302562415257;sqrt(exp(((-0.0016753450) * X1)))
2;47.412284516020684;exp(((-0.0008104520) * X1))
13;inf;((exp((0.0797036216 * X2)) + (((-0.0307367910) * X1) * (0.6925110221 * X1))) * ((2.9226701260 * X1) * (exp(((-0.3647457957) * X2)) + ((-0.0019945460) * X2))))
11;inf;(((2.7861056328 * X1) * exp(((-0.3740162849) * X2))) * (exp((0.0767030045 * X2)) + (((-0.0302257463) * X1) * (0.7010098696 * X1))))
6;nan;(((-0.2849787474) * X1) * (log(abs(((-0.0009449610) * X1))) + (0.7316092253 * X2)))
17;nan;(7.2365269661 + ((((exp((0.9521970153 * X2)) + (((-1.2584221363) * X1) * (2.6666164398 * X1))) * (0.0165552683 * X1)) + (2.7849390507 * X1)) * (exp((0.1356069744 * X2)) + ((-0.3664472103) * X2))))
15;inf;(((exp(((-0.2405882031) * X2)) + (((-0.0332634524) * X1) * ((exp(((-0.2154869139) * X2)) + ((-0.0393074155) * X2)) * (0.5921862125 * X1)))) + ((-0.0149834342) * X2)) * (2.8386511803 * X1))
5;2.036272226440725e+69;(((-0.0251936838) * X1) * (0.7292486429 ^ (0.8685116768 * X2)))
14;nan;((0.2933468819 * X1) + ((((((-0.0589013658) * X1) * (0.7282894254 * X1)) * (1.3827095032 * X1)) + (2.6010987759 * X1)) * (exp(((-0.2787703276) * X2)) + ((-0.0220252238) * X2))))
20;nan;(7.2392506599 + ((((exp((0.9457321763 * X2)) + ((((-12.5368576050) * X1) + exp((0.3392356038 * X2))) * (0.2539889812 * X1))) * (0.0174621139 * X1)) + (2.7858333588 * X1)) * (exp((0.1359701604 * X2)) + ((-0.3675909638) * X2))))
1;8.583704961696517;7.6334218979
12;inf;(((2.8292748928 * X1) * exp(((-0.3790599406) * X2))) * ((((-0.0300624706) * X1) * (0.7341285944 * X1)) + (1.0307340622 + (0.0958823487 * X2))))
18;nan;((((exp((0.9538245797 * X2)) + ((((-8.0582866669) * X1) + exp((0.1357906014 * X2))) * (0.4171480238 * X1))) * (0.0165226385 * X1)) + (2.7860922813 * X1)) * (exp((0.1356204748 * X2)) + ((-0.3667160869) * X2)))
9;inf;(exp((((-0.0233585816) * X1) * (1.0505617857 * X1))) * ((2.9214611053 * X1) * exp(((-0.2703327835) * X2))))
8;nan;(log(abs(log(abs(((-0.0254548825) * X1))))) * ((0.0087775951 * X1) * exp(((-0.2827813327) * X2))))
10;inf;(exp((((-0.0233585816) * X1) * (1.0505617857 * X1))) * ((2.0453295708 * X1) * (1.6349517107 ^ ((-0.5607457757) * X2))))
11;inf;((exp((0.0767030045 * X2)) + (((-0.0302257463) * X1) * (0.7010098696 * X1))) * ((2.9174599648 * X1) * exp(((-0.3738808334) * X2))))
5;inf;((2.1433932781 * X1) * (1.1256440878 ^ ((-2.3221652508) * X2)))
4;inf;((2.0463860035 * X1) * exp(((-0.2703327835) * X2)))
3;28.924615876540145;exp(exp(((-0.0003984161) * X1)))
2;47.40668014927579;exp(((-0.0003984161) * X1))
15;nan;((0.0087775951 * X1) * ((exp(((-0.2405882031) * X2)) + (((-0.0332634524) * X1) * ((exp(((-0.2141011804) * X2)) + ((-0.0393074155) * X2)) * (0.5921862125 * X1)))) + ((-0.0149834342) * X2)))
7;nan;(((-0.9942941070) * X1) * (log(abs(((-0.0307196695) * X1))) * exp(((-0.2817152739) * X2))))
17;nan;(7.2365269661 + ((((exp((0.9545415640 * X2)) + (((-1.2584221363) * X1) * (2.6666164398 * X1))) * (0.0164508503 * X1)) + (2.7862999439 * X1)) * (exp((0.1356069744 * X2)) + ((-0.3664472103) * X2))))
16;inf;((1.8679370880 * X1) * ((exp(((-0.2406024784) * X2)) + (((-0.0332645290) * X1) * (((1.7933894396 ^ ((-0.3690037429) * X2)) + ((-0.0392919555) * X2)) * (0.5921862125 * X1)))) + ((-0.0149799511) * X2)))
13;inf;((exp((0.0797036216 * X2)) + (((-0.0290525537) * X1) * (0.7358193398 * X1))) * ((2.9226701260 * X1) * (exp(((-0.3647457957) * X2)) + ((-0.0019945460) * X2))))
6;nan;(((-0.2866798043) * X1) * (log(abs(((-0.0009636218) * X1))) + (0.7287006974 * X2)))
14;nan;((0.2933468819 * X1) + ((((((-0.0589013658) * X1) * (0.7282894254 * X1)) * (1.3827095032 * X1)) + (2.6010987759 * X1)) * (exp(((-0.2882546186) * X2)) + ((-0.0220252238) * X2))))
20;nan;(7.2377386093 + ((((exp((0.9534175396 * X2)) + ((((-12.7142457962) * X1) + exp((0.3565697372 * X2))) * (0.2706352770 * X1))) * (0.0161185618 * X1)) + (2.7839138508 * X1)) * (exp((0.1351264417 * X2)) + ((-0.3654118776) * X2))))
1;9.50164329231598;8.2767276764
12;inf;((2.0463860035 * X1) * ((1.6349517107 ^ ((-0.6155459881) * X2)) + (((-0.0363670923) * X1) * (exp(((-0.3908242583) * X2)) * (0.5921862125 * X1)))))
18;nan;((((exp((0.9538245797 * X2)) + ((((-8.0582866669) * X1) + exp((0.1356204748 * X2))) * (0.4171480238 * X1))) * (0.0165226385 * X1)) + (2.7860922813 * X1)) * (exp((0.1356204748 * X2)) + ((-0.3667160869) * X2)))
8;nan;(((-0.9283998013) * X1) * (log(abs(log(abs(((-0.0254548825) * X1))))) * exp(((-0.2835082412) * X2))))
7;nan;(((-0.9283998013) * X1) * (log(abs(((-0.0307196695) * X1))) * exp(((-0.2820672095) * X2))))
9;inf;((2.2059288025 * X1) * (exp((((-0.0233585816) * X1) * (1.0505617857 * X1))) * exp(((-0.2697230279) * X2))))
10;inf;(exp((((-0.0233585816) * X1) * (1.0505617857 * X1))) * ((2.1433932781 * X1) * (1.1256440878 ^ ((-2.3221652508) * X2))))
4;2.5715516911833293e+68;((0.0087775951 * X1) * exp(((-0.2701213360) * X2)))
3;47.40646435786025;sqrt(exp(((-0.0007902290) * X1)))
2;47.40142257332861;exp(((-0.0000353364) * X1))
13;nan;((exp((0.0767030045 * X2)) + (((-0.0291151013) * X1) * (0.7341285944 * X1))) * ((2.9174599648 * X1) * (exp(((-0.3604637086) * X2)) + ((-0.0021156233) * X2))))
11;inf;((exp(((-0.3775146604) * X2)) * (0.5921862125 * X1)) * (exp((0.0758366957 * X2)) + (((-0.0308879260) * X1) * (0.6851285100 * X1))))
6;nan;(((-0.2863205671) * X1) * (log(abs(((-0.0009369969) * X1))) + (0.7318323851 * X2)))
17;nan;(7.2368688583 + ((((exp((0.9521970153 * X2)) + (((-1.2584221363) * X1) * (2.6666164398 * X1))) * (0.0169518404 * X1)) + (2.7780363560 * X1)) * (exp((0.1355414540 * X2)) + ((-0.3665064871) * X2))))
15;nan;((((exp((0.9521970153 * X2)) + (((-1.2584221363) * X1) * (2.6666164398 * X1))) * (0.0169518404 * X1)) + (2.7780363560 * X1)) * (exp((0.1347713321 * X2)) + ((-0.3646444380) * X2)))
5;inf;exp(((0.0018202404 * X1) * exp(((-0.2787703276) * X2))))
14;nan;((0.2933468819 * X1) + ((((((-0.0589013658) * X1) * (0.7282894254 * X1)) * (1.3827095032 * X1)) + (2.6010987759 * X1)) * (exp(((-0.2748995125) * X2)) + ((-0.0223271735) * X2))))
20;nan;(7.2497830391 + ((((exp((0.9538245797 * X2)) + ((((-8.0582866669) * X1) + exp((0.1357906014 * X2))) * (0.4171480238 * X1))) * (0.0165226385 * X1)) + (2.7860922813 * X1)) * (exp((0.1356204748 * X2)) + ((-0.3667160869) * X2))))
1;8.44020171219947;7.1415958405
12;inf;((2.0463860035 * X1) * ((1.6349517107 ^ ((-0.6155459881) * X2)) + (((-0.0363670923) * X1) * (exp(((-0.3900032640) * X2)) * (0.5921862125 * X1)))))
19;nan;(7.2365269661 + ((((exp((0.9535069466 * X2)) + ((((-4.0475935936) * X1) + (0.3860175610 * X2)) * (0.8230441213 * X1))) * (0.0166948345 * X1)) + (2.7870161533 * X1)) * (exp((0.1355414540 * X2)) + ((-0.3665064871) * X2))))
10;nan;((((((-0.0517821796) * X1) * (0.7341285944 * X1)) * (1.3872036934 * X1)) + (2.7732145786 * X1)) * exp(((-0.2817152739) * X2)))
9;inf;(exp((((-0.0233585816) * X1) * (1.0505617857 * X1))) * ((2.9214611053 * X1) * exp(((-0.2695591748) * X2))))
11;inf;((exp((0.0767030045 * X2)) + (((-0.0302257463) * X1) * (0.7010098696 * X1))) * ((2.9174599648 * X1) * exp(((-0.3790599406) * X2))))
6;nan;(((-0.2772480249) * X1) * (log(abs(((-0.0007843434) * X1))) + (0.7562553883 * X2)))
5;inf;((2.0453295708 * X1) * (0.7331857085 ^ (0.8876922131 * X2)))
4;7.303113928076728e+72;(exp(((-0.2697230279) * X2)) * ((-0.5283464193) * X1))
3;7.256987466939229e+73;(((-1.2354774475) * X1) + (0.0041427258 * X1))
2;inf;exp((0.0000354467 * X1))
16;nan;((7.2721347809 + (0.2926540077 * X1)) + ((((((-0.0579993650) * X1) * (0.7341285944 * X1)) * (1.3937953711 * X1)) + (2.5995285511 * X1)) * (exp(((-0.2822132111) * X2)) + ((-0.0220428016) * X2))))
15;nan;((0.2933468819 * X1) + ((((((-0.0589013658) * X1) * (0.7282894254 * X1)) * (1.3827095032 * X1)) + (2.6010987759 * X1)) * ((1.1114709377 ^ ((-2.6703698635) * X2)) + ((-0.0220190920) * X2))))
13;inf;((0.0087775951 * X1) * (((0.0068910639 * X1) * ((((-3.1301636696) * X1) + (0.2178847939 * X2)) * exp(((-0.3900032640) * X2)))) + exp(((-0.3030254841) * X2))))
8;nan;(log(abs(log(abs(((-0.0250350088) * X1))))) * ((2.9214611053 * X1) * exp(((-0.2820672095) * X2))))
18;nan;((((exp((0.9859874845 * X2)) + ((((-8.5482330322) * X1) + exp((0.2447676361 * X2))) * (0.4970983565 * X1))) * (0.0129600903 * X1)) + (2.7851557732 * X1)) * (exp((0.1339036524 * X2)) + ((-0.3623735309) * X2)))
17;inf;(7.2719640732 + (((exp(((-0.2405882031) * X2)) + (((-0.0332634524) * X1) * ((exp(((-0.2154869139) * X2)) + ((-0.0393074155) * X2)) * (0.5921862125 * X1)))) + ((-0.0149834342) * X2)) * (2.8386511803 * X1)))
7;nan;(((-0.9283998013) * X1) * (log(abs(((-0.0307196695) * X1))) * exp(((-0.2824153900) * X2))))
14;nan;((0.2933468819 * X1) + ((((((-0.0589013845) * X1) * (0.7282894254 * X1)) * (1.3827095032 * X1)) + (2.5999298096 * X1)) * (exp(((-0.2754889727) * X2)) + ((-0.0220252238) * X2))))
20;nan;(7.2350196838 + ((((exp((0.9545415640 * X2)) + ((((-8.9077968597) * X1) + exp((0.3392356038 * X2))) * (0.3790642023 * X1))) * (0.0164508503 * X1)) + (2.7862999439 * X1)) * (exp((0.1356069744 * X2)) + ((-0.3666882515) * X2))))
1;8.450370388175823;7.3836545944
12;inf;(((2.8292748928 * X1) * exp(((-0.3738808334) * X2))) * ((((-0.0316601060) * X1) * (0.7202248573 * X1)) + (1.0307340622 + (0.0958823487 * X2))))
19;nan;(7.2380619049 + ((((exp((0.9543550014 * X2)) + ((((-11.3308286667) * X1) + (0.8876922131 * X2)) * (0.3028599918 * X1))) * (0.0161634404 * X1)) + (2.7846758366 * X1)) * (exp((0.1352599263 * X2)) + ((-0.3657699823) * X2))))
10;inf;(exp((((-0.0233585816) * X1) * (1.0505617857 * X1))) * ((2.9214611053 * X1) * (0.7292486429 ^ (0.8685116768 * X2))))
9;inf;(exp((((-0.0233585816) * X1) * (1.0505617857 * X1))) * ((2.9214611053 * X1) * exp(((-0.2820672095) * X2))))
11;inf;((exp((0.0767030045 * X2)) + (((-0.0291151013) * X1) * (0.7341285944 * X1))) * ((2.9174599648 * X1) * exp(((-0.3790599406) * X2))))
6;nan;((log(abs(((-0.0008104520) * X1))) + (0.7512409687 * X2)) * ((-0.2756492198) * X1))
5;inf;((2.0453295708 * X1) * (1.6349517107 ^ ((-0.5607457757) * X2)))
4;2.0168941189777703e+69;((0.0087775951 * X1) * exp(((-0.2689230144) * X2)))
3;2.9741985295095464e+72;((0.2492774129 * X1) + 0.4842636883)
2;47.54284566757954;exp(((-0.0104969228) * X1))
16;nan;((7.2353792191 + (0.2921212614 * X1)) + ((((((-0.0589013845) * X1) * (0.7282894254 * X1)) * (1.3827095032 * X1)) + (2.5999298096 * X1)) * (exp(((-0.2822329104) * X2)) + ((-0.0220252238) * X2))))
15;nan;((0.2933468819 * X1) + ((((((-0.0589013658) * X1) * (0.7282894254 * X1)) * (1.3827095032 * X1)) + (2.6010987759 * X1)) * ((1.1014164686 ^ ((-2.8786659241) * X2)) + ((-0.0220190920) * X2))))
13;inf;((0.0018202404 * X1) * (((0.0068910639 * X1) * ((((-3.1301636696) * X1) + (0.3024113774 * X2)) * exp(((-0.3853346407) * X2)))) + exp(((-0.3030254841) * X2))))
8;nan;(((-0.9283998013) * X1) * (log(abs(log(abs((0.0243175812 * X1))))) * exp(((-0.2751986980) * X2))))
18;nan;((((exp((0.9543550014 * X2)) + ((((-11.3308286667) * X1) + exp((0.2178847939 * X2))) * (0.3028599918 * X1))) * (0.0161634404 * X1)) + (2.7846758366 * X1)) * (exp((0.1352599263 * X2)) + ((-0.3657699823) * X2)))
17;inf;((((((-0.0354261845) * X1) * (0.6335979700 * X1)) + exp(((-0.0297829378) * X2))) * ((2.5148110390 * X1) * (exp(((-0.2260347754) * X2)) + ((-0.0362132825) * X2)))) + (7.2719998360 + (0.3316886425 * X1)))
7;nan;(((-0.9283998013) * X1) * (log(abs(((-0.0254548825) * X1))) * exp(((-0.2748995125) * X2))))
14;nan;((0.2933468819 * X1) + ((((((-0.0589013658) * X1) * (0.7282894254 * X1)) * (1.3827095032 * X1)) + (2.6010987759 * X1)) * (exp(((-0.2754127681) * X2)) + ((-0.0220190920) * X2))))
20;nan;(7.2347831726 + ((((exp((0.9859874845 * X2)) + ((((-8.5482330322) * X1) + exp((0.2447676361 * X2))) * (0.4970983565 * X1))) * (0.0129600903 * X1)) + (2.7851557732 * X1)) * (exp((0.1339036524 * X2)) + ((-0.3623735309) * X2))))
1;8.466071213356184;7.0522150993
12;47.35265532810034;exp(((0.0087775951 * X1) * ((((-0.0361370556) * X1) * (exp(((-0.3775146604) * X2)) * (0.5921862125 * X1))) + exp(((-0.3030254841) * X2)))))
18;nan;((((exp((0.9545415640 * X2)) + ((((-8.9077968597) * X1) + exp((0.1355414540 * X2))) * (0.3790642023 * X1))) * (0.0164508503 * X1)) + (2.7859561443 * X1)) * (exp((0.1355414540 * X2)) + ((-0.3665064871) * X2)))
9;inf;((2.2059288025 * X1) * (exp((((-0.0233585816) * X1) * (1.0505617857 * X1))) * exp(((-0.2822329104) * X2))))
8;nan;(log(abs(log(abs(((-0.0245345272) * X1))))) * ((2.9214611053 * X1) * exp(((-0.2798036635) * X2))))
10;nan;(exp(((-0.2835082412) * X2)) * (((((-0.0517859384) * X1) * (0.7341285944 * X1)) * (1.3708856106 * X1)) + (2.8285975456 * X1)))
11;nan;((exp((0.0876854956 * X2)) + (((-0.0290525537) * X1) * (0.7358193398 * X1))) * ((2.9735839367 * X1) * exp(((-0.3936681151) * X2))))
5;inf;((1.8678754568 * X1) * (0.7330903411 ^ (0.8880243897 * X2)))
4;inf;((2.1372265816 * X1) * exp(((-0.2794879973) * X2)))
3;inf;exp(exp((0.0000354467 * X1)))
2;inf;exp((0.0015369008 * X1))
15;nan;((0.2933468819 * X1) + ((((((-0.0589013658) * X1) * (0.7282894254 * X1)) * (1.3827095032 * X1)) + (2.6010987759 * X1)) * ((0.7330903411 ^ (0.8880243897 * X2)) + ((-0.0220190920) * X2))))
7;nan;(((-0.9283998013) * X1) * (log(abs(((-0.0363670923) * X1))) * exp(((-0.2743588984) * X2))))
17;nan;((((((-0.0310946237) * X1) * (0.7341285944 * X1)) + exp((0.0019688930 * X1))) * ((2.6005446911 * X1) * (exp(((-0.2742309570) * X2)) + ((-0.0221093670) * X2)))) + (7.2274956703 + (0.2927019596 * X1)))
16;nan;((7.2353792191 + (0.2921212614 * X1)) + ((((((-0.0571281426) * X1) * (0.7395096421 * X1)) * (1.4039921761 * X1)) + (2.6025667191 * X1)) * (exp(((-0.2820672095) * X2)) + ((-0.0219405964) * X2))))
13;inf;((0.0087775951 * X1) * (((0.0402186736 * X1) * ((((-0.5357990265) * X1) + 0.0823313817) * exp(((-0.3909119368) * X2)))) + exp(((-0.3039087951) * X2))))
6;nan;((log(abs(((-0.0008883188) * X1))) + (0.7377799153 * X2)) * ((-0.2796244621) * X1))
14;nan;((0.2933468819 * X1) + ((((((-0.0589013658) * X1) * (0.7282894254 * X1)) * (1.3827095032 * X1)) + (2.6010987759 * X1)) * (exp(((-0.2751986980) * X2)) + ((-0.0220252238) * X2))))
20;nan;(7.2350196838 + ((((exp((0.9545415640 * X2)) + ((((-8.9077968597) * X1) + exp((0.1355414540 * X2))) * (0.3790642023 * X1))) * (0.0164508503 * X1)) + (2.7862999439 * X1)) * (exp((0.1356069744 * X2)) + ((-0.3666882515) * X2))))
1;8.931359569392358;7.9495491982
12;inf;(((2.8292748928 * X1) * exp(((-0.3790599406) * X2))) * ((((-0.0307196695) * X1) * (0.7341285944 * X1)) + (1.0307340622 + (0.0958823487 * X2))))
18;nan;((((exp((0.9457321763 * X2)) + ((((-12.5368576050) * X1) + exp((0.3392356038 * X2))) * (0.2539889812 * X1))) * (0.0174621139 * X1)) + (2.7858333588 * X1)) * (exp((0.1355252117 * X2)) + ((-0.3664472103) * X2)))
9;inf;(exp((((-0.0233585816) * X1) * (1.0505617857 * X1))) * ((2.9214611053 * X1) * exp(((-0.2826772034) * X2))))
8;nan;(log(abs(log(abs(((-0.0245345272) * X1))))) * ((2.9214611053 * X1) * exp(((-0.2697230279) * X2))))
10;47.38798152452867;exp((exp((((-0.0233585816) * X1) * (1.0505617857 * X1))) * ((0.0018202404 * X1) * exp(((-0.2794879973) * X2)))))
11;inf;((exp((0.0876854956 * X2)) + (((-0.0300624706) * X1) * (0.7341285944 * X1))) * ((2.9266068935 * X1) * exp(((-0.3900032640) * X2))))
5;inf;((1.9687935114 * X1) * (0.7262852788 ^ (0.8624224663 * X2)))
4;2.942366388253688e+72;(((-0.9283998013) * X1) * exp(((-0.2677877545) * X2)))
3;29.102169246293627;exp(exp(((-0.0050863535) * X1)))
2;inf;exp((0.0018202404 * X1))
15;nan;((0.2933468819 * X1) + ((((((-0.0589013845) * X1) * (0.7282894254 * X1)) * (1.3827095032 * X1)) + (2.5999298096 * X1)) * ((1.6349517107 ^ ((-0.5607457757) * X2)) + ((-0.0220252238) * X2))))
7;nan;(((-0.8082255721) * X1) * (log(abs(((-0.0307196695) * X1))) * exp(((-0.2835082412) * X2))))
17;nan;(7.2368688583 + ((((exp((0.9521970153 * X2)) + (((-1.2584221363) * X1) * (2.6666164398 * X1))) * (0.0169518404 * X1)) + (2.7780363560 * X1)) * (exp((0.1347713321 * X2)) + ((-0.3646444380) * X2))))
16;nan;((7.2247242928 + (0.2913901210 * X1)) + ((((((-0.0589013845) * X1) * (0.7282894254 * X1)) * (1.3827095032 * X1)) + (2.5999298096 * X1)) * (exp(((-0.2822329104) * X2)) + ((-0.0220252238) * X2))))
13;inf;((exp((0.0767030045 * X2)) + (((-0.0302257463) * X1) * (0.7010098696 * X1))) * ((2.9226701260 * X1) * (exp(((-0.3647457957) * X2)) + ((-0.0019945460) * X2))))
6;nan;(((-0.2868314981) * X1) * (log(abs(((-0.0010346028) * X1))) + (0.7163073421 * X2)))
14;nan;((0.2933468819 * X1) + ((((((-0.0589013658) * X1) * (0.7282894254 * X1)) * (1.3827095032 * X1)) + (2.6010987759 * X1)) * (exp(((-0.2748995125) * X2)) + ((-0.0220252238) * X2))))
20;nan;((0.0087775951 * X1) + ((((exp((0.9550414681 * X2)) + ((((-8.7540493011) * X1) + exp((0.2583293915 * X2))) * (0.3864436746 * X1))) * (0.0164056104 * X1)) + (2.7863707542 * X1)) * (exp((0.1355988085 * X2)) + ((-0.3666698635) * X2))))
1;9.1261202475624;8.0758409500
12;47.35269430799533;exp(((0.0087775951 * X1) * ((((-0.0361370556) * X1) * (exp(((-0.3775146604) * X2)) * (0.5921862125 * X1))) + exp(((-0.3033444881) * X2)))))
19;nan;(7.2368688583 + ((((exp((0.9452325106 * X2)) + ((((-3.9967212677) * X1) + (0.3762082458 * X2)) * (0.8126776814 * X1))) * (0.0169518404 * X1)) + (2.7780363560 * X1)) * (exp((0.1355414540 * X2)) + ((-0.3665064871) * X2))))
10;nan;((((((-0.0517859384) * X1) * (0.7341285944 * X1)) * (1.4142135382 * X1)) + (2.8284614086 * X1)) * exp(((-0.2826772034) * X2)))
9;inf;(exp((((-0.0233585816) * X1) * (1.0505617857 * X1))) * ((2.9214611053 * X1) * exp(((-0.2832446694) * X2))))
11;inf;((exp((0.0876854956 * X2)) + (((-0.0290525537) * X1) * (0.7358193398 * X1))) * ((2.9735839367 * X1) * exp(((-0.3941689134) * X2))))
6;nan;(((-0.2752492726) * X1) * (log(abs(((-0.0008069020) * X1))) + (0.7506288886 * X2)))
5;inf;exp(((0.0087775951 * X1) * exp(((-0.2821744084) * X2))))
4;inf;((2.0463860035 * X1) * exp(((-0.2807690203) * X2)))
3;nan;sqrt(exp((0.0029656850 * X1)))
2;inf;exp((0.0023565460 * X1))
16;nan;((7.2353792191 + (0.2921212614 * X1)) + ((((((-0.0589013845) * X1) * (0.7282894254 * X1)) * (1.3827095032 * X1)) + (2.5999298096 * X1)) * (exp(((-0.2813423276) * X2)) + ((-0.0220252238) * X2))))
15;nan;((0.2933468819 * X1) + ((((((-0.0589013658) * X1) * (0.7282894254 * X1)) * (1.3827095032 * X1)) + (2.6010987759 * X1)) * ((1.1256440878 ^ ((-2.3221652508) * X2)) + ((-0.0220190920) * X2))))
13;inf;((exp((0.0767030045 * X2)) + (((-0.0291151013) * X1) * (0.7341285944 * X1))) * ((exp(((-0.3647457957) * X2)) + ((-0.0019945460) * X2)) * (0.5921862125 * X1)))
8;nan;(log(abs(log(abs((0.0243175812 * X1))))) * ((2.0463860035 * X1) * exp(((-0.2703327835) * X2))))
18;nan;((((exp((0.9521970153 * X2)) + ((((-8.9077968597) * X1) + exp((0.1356069744 * X2))) * (0.3790642023 * X1))) * (0.0164508503 * X1)) + (2.7862999439 * X1)) * (exp((0.1356069744 * X2)) + ((-0.3666882515) * X2)))
17;nan;((7.2387380600 + (0.2962820232 * X1)) + (((((-0.0316601060) * X1) * (0.7202248573 * X1)) + exp((0.0000354467 * X1))) * ((2.6003210545 * X1) * (exp(((-0.2821744084) * X2)) + ((-0.0223271735) * X2)))))
7;nan;(((-0.9283998013) * X1) * (log(abs(((-0.0277887378) * X1))) * exp(((-0.2826772034) * X2))))
14;nan;((0.2933468819 * X1) + ((((((-0.0589013658) * X1) * (0.7282894254 * X1)) * (1.3827095032 * X1)) + (2.6010987759 * X1)) * (exp(((-0.2743588984) * X2)) + ((-0.0220252238) * X2))))
20;nan;(7.2377386093 + ((((exp((0.9534175396 * X2)) + ((((-12.7142457962) * X1) + exp((0.2447676361 * X2))) * (0.2706352770 * X1))) * (0.0161185618 * X1)) + (2.7839138508 * X1)) * (exp((0.1351264417 * X2)) + ((-0.3654118776) * X2))))
1;8.704528991712424;7.7653880119
12;47.260323552419486;exp(((0.0249172412 * X1) * (exp(((-0.3025172353) * X2)) + (((-0.0361370556) * X1) * (exp(((-0.3941689134) * X2)) * (0.5921862125 * X1))))))
18;nan;((((exp((0.9556184411 * X2)) + ((((-4.7421402931) * X1) + log(abs((0.4711434543 * X1)))) * (0.7185635567 * X1))) * (0.0162939020 * X1)) + (2.7860701084 * X1)) * (exp((0.1355414540 * X2)) + ((-0.3665064871) * X2)))
9;60.86089615851091;(exp((((-0.0310946237) * X1) * (0.7341285944 * X1))) * ((0.0018202404 * X1) * exp(((-0.2740367651) * X2))))
8;nan;(log(abs(log(abs((0.0243175812 * X1))))) * (exp(((-0.2697230279) * X2)) * ((-0.5283464193) * X1)))
10;nan;((((((-0.0517821796) * X1) * (0.7341285944 * X1)) * (1.3708856106 * X1)) + (2.7182817459 * X1)) * exp(((-0.2820672095) * X2)))
11;nan;((0.0249172412 * X1) * (exp(((-0.3025172353) * X2)) + (((-0.0361370556) * X1) * (exp(((-0.3775146604) * X2)) * (0.5921862125 * X1)))))
5;47.40706048904579;exp((((-0.0007902290) * X1) * exp(((-0.2743588984) * X2))))
4;2.6295496541384643e+72;((0.3183098733 * X1) * exp(((-0.2809258699) * X2)))
3;nan;sqrt(exp((0.0031153995 * X1)))
2;inf;exp((0.0029656850 * X1))
15;inf;(((exp(((-0.2405882031) * X2)) + (((-0.0332634524) * X1) * ((exp((0.1351264417 * X2)) + ((-0.3654118776) * X2)) * (0.5921862125 * X1)))) + ((-0.0149834342) * X2)) * (2.8386511803 * X1))
7;nan;(((-0.9942941070) * X1) * (log(abs(((-0.0245345272) * X1))) * exp(((-0.2743588984) * X2))))
17;nan;(((0.2926333547 * X1) + 7.2721352577) + ((((((-0.0589321814) * X1) * (0.7282894254 * X1)) * (1.3827095032 * X1)) + (2.5995450020 * X1)) * ((1.1114709377 ^ ((-2.6703698635) * X2)) + ((-0.0220402367) * X2))))
16;nan;(((0.2926333547 * X1) + 7.2721352577) + ((((((-0.0589321814) * X1) * (0.7282894254 * X1)) * (1.3827095032 * X1)) + (2.5995450020 * X1)) * (exp(((-0.2835082412) * X2)) + ((-0.0220402367) * X2))))
13;inf;((0.0087775951 * X1) * (((0.0068910639 * X1) * ((((-3.1301636696) * X1) + (0.3024113774 * X2)) * exp(((-0.3790599406) * X2)))) + exp(((-0.3030254841) * X2))))
6;nan;(((-0.2863205671) * X1) * (log(abs(((-0.0009198979) * X1))) + (0.7318323851 * X2)))
14;nan;((0.2933468819 * X1) + ((((((-0.0589013658) * X1) * (0.7282894254 * X1)) * (1.3827095032 * X1)) + (2.6010987759 * X1)) * (exp(((-0.2742309570) * X2)) + ((-0.0220252238) * X2))))
20;nan;(7.2525548935 + ((((exp((0.9556184411 * X2)) + ((((-4.7421402931) * X1) + log(abs((0.4711434543 * X1)))) * (0.7185635567 * X1))) * (0.0162939020 * X1)) + (2.7860701084 * X1)) * (exp((0.1355173886 * X2)) + ((-0.3664546013) * X2))))
1;9.011772327946762;6.4790096283
12;inf;(((2.7864265442 * X1) * exp(((-0.3888207078) * X2))) * ((((-0.0302257463) * X1) * (0.7010098696 * X1)) + (0.9994562268 + (0.1096093655 * X2))))
19;nan;(7.2367458344 + ((((exp((0.9448904991 * X2)) + ((((-4.0451369286) * X1) + (0.3808519542 * X2)) * (0.8225130439 * X1))) * (0.0164538790 * X1)) + (2.7789165974 * X1)) * (exp((0.1347812414 * X2)) + ((-0.3644994199) * X2))))
10;nan;((((((-0.0523635522) * X1) * (0.6793944836 * X1)) * (1.3708856106 * X1)) + (2.8284862041 * X1)) * exp(((-0.2743588984) * X2)))
9;60.796955398582156;((0.0137454271 * X1) * (exp((((-0.0251936838) * X1) * (1.0505617857 * X1))) * exp(((-0.2756676972) * X2))))
11;nan;((exp((0.0876854956 * X2)) + (((-0.0307367910) * X1) * (0.6925110221 * X1))) * ((2.9735839367 * X1) * exp(((-0.3941689134) * X2))))
6;nan;(((-0.2745965123) * X1) * (log(abs(((-0.0007995699) * X1))) + (0.7506356835 * X2)))
5;inf;exp(((0.0087775951 * X1) * exp(((-0.2827813327) * X2))))
4;inf;((2.0311436653 * X1) * exp(((-0.2813423276) * X2)))
3;nan;sqrt(exp((0.0041427258 * X1)))
2;inf;exp((0.0031153995 * X1))
16;nan;((7.2353792191 + (0.2921212614 * X1)) + ((((((-0.0589013845) * X1) * (0.7282894254 * X1)) * (1.3827095032 * X1)) + (2.5999298096 * X1)) * (exp(((-0.2835082412) * X2)) + ((-0.0220252238) * X2))))
15;inf;((1.8679370880 * X1) * ((exp(((-0.2406024784) * X2)) + (((-0.0332645290) * X1) * ((exp((0.1356204748 * X2)) + ((-0.3667160869) * X2)) * (0.5921862125 * X1)))) + ((-0.0149799511) * X2)))
13;inf;((0.0087775951 * X1) * ((exp(((-0.2883096933) * X2)) + (((-0.0361370556) * X1) * (exp(((-0.3775146604) * X2)) * (0.5921862125 * X1)))) + ((-0.0023384835) * X2)))
8;nan;(log(abs(log(abs((0.0243175812 * X1))))) * ((2.9214611053 * X1) * exp(((-0.2809258699) * X2))))
18;nan;((((exp((0.9538245797 * X2)) + ((((-8.0582866669) * X1) + exp((0.0767030045 * X2))) * (0.4171480238 * X1))) * (0.0165226385 * X1)) + (2.7860922813 * X1)) * (exp((0.1356204748 * X2)) + ((-0.3667160869) * X2)))
17;nan;((7.2721347809 + (0.2926540077 * X1)) + ((((((-0.0602522008) * X1) * (0.7202248573 * X1)) * (1.3673982620 * X1)) + (2.6002259254 * X1)) * ((1.1116198301 ^ ((-2.6703698635) * X2)) + ((-0.0220247991) * X2))))
7;nan;(((-0.7888740897) * X1) * (log(abs((0.0243175812 * X1))) * exp(((-0.2754127681) * X2))))
14;nan;((0.2933468819 * X1) + ((((((-0.0589013658) * X1) * (0.7282894254 * X1)) * (1.3827095032 * X1)) + (2.6010987759 * X1)) * (exp(((-0.2740367651) * X2)) + ((-0.0220190920) * X2))))
20;nan;(7.2350196838 + ((((exp((0.9545415640 * X2)) + ((((-8.9077968597) * X1) + exp((0.2618681490 * X2))) * (0.3790642023 * X1))) * (0.0164508503 * X1)) + (2.7862999439 * X1)) * (exp((0.1355414540 * X2)) + ((-0.3666882515) * X2))))
1;8.430293741035877;7.2514691353
12;inf;(((2.8292748928 * X1) * exp(((-0.3773337901) * X2))) * ((((-0.0310946237) * X1) * (0.7341285944 * X1)) + (1.0307340622 + (0.0958823487 * X2))))
19;nan;(7.2366595268 + ((((exp((0.9521512985 * X2)) + ((((-3.5352804661) * X1) + (0.3360221982 * X2)) * (0.9240232110 * X1))) * (0.0167744998 * X1)) + (2.7879199982 * X1)) * (exp((0.1360311806 * X2)) + ((-0.3677043319) * X2))))
10;nan;(exp(((-0.2835082412) * X2)) * (((((-0.0517821796) * X1) * (0.7071067691 * X1)) * (1.3708856106 * X1)) + (2.8284614086 * X1)))
9;inf;(exp((((-0.0251936838) * X1) * (1.0505617857 * X1))) * ((2.9214611053 * X1) * exp(((-0.2754127681) * X2))))
11;nan;((exp((0.0767030045 * X2)) + (((-0.0291151013) * X1) * (0.7071067691 * X1))) * (exp(((-0.3770682216) * X2)) * (0.5921862125 * X1)))
6;nan;(((-0.2888605595) * X1) * (log(abs(((-0.0010264771) * X1))) + (0.7155571580 * X2)))
5;7.561324989810024e+70;((1.1014164686 ^ ((-2.8786659241) * X2)) * (0.0539235696 * X1))
4;inf;((2.0422642231 * X1) * exp(((-0.2817152739) * X2)))
3;nan;sqrt(exp((0.0047640186 * X1)))
2;inf;exp((0.0035770293 * X1))
16;nan;((7.2247242928 + (0.2913901210 * X1)) + ((((((-0.0589321814) * X1) * (0.7282894254 * X1)) * (1.3827095032 * X1)) + (2.5995450020 * X1)) * (exp(((-0.2835082412) * X2)) + ((-0.0220402367) * X2))))
15;inf;((0.0087775951 * X1) * ((exp(((-0.2405882031) * X2)) + (((-0.0332634524) * X1) * ((exp((0.1362782866 * X2)) + ((-0.3683702052) * X2)) * (0.5921862125 * X1)))) + ((-0.0149834342) * X2)))
13;inf;(((exp(((-0.2882546186) * X2)) + (((-0.0361299478) * X1) * (exp(((-0.3773337901) * X2)) * (0.5921862125 * X1)))) + ((-0.0023416358) * X2)) * (2.9333615303 * X1))
8;nan;(((-0.9283998013) * X1) * (log(abs(log(abs(((-0.0245345272) * X1))))) * exp(((-0.2826772034) * X2))))
18;nan;((((exp((0.9452325106 * X2)) + ((((-8.2100667953) * X1) + exp((0.2420128733 * X2))) * (0.4031211436 * X1))) * (0.0165760498 * X1)) + (2.7772092819 * X1)) * (exp((0.1345571876 * X2)) + ((-0.3640697896) * X2)))
17;nan;((exp((0.0029656850 * X1)) + (0.2913901210 * X1)) + ((((((-0.0589321814) * X1) * (0.7282894254 * X1)) * (1.3827095032 * X1)) + (2.5995450020 * X1)) * (exp(((-0.2835082412) * X2)) + ((-0.0220402367) * X2))))
7;nan;(((-0.9283998013) * X1) * (log(abs(((-0.0254548825) * X1))) * exp(((-0.2689230144) * X2))))
14;nan;((0.2933468819 * X1) + ((((((-0.0589013658) * X1) * (0.7282894254 * X1)) * (1.3827095032 * X1)) + (2.6010987759 * X1)) * (exp(((-0.2734089792) * X2)) + ((-0.0220252238) * X2))))
20;nan;(7.2497830391 + ((((exp((0.9538245797 * X2)) + ((((-8.0582866669) * X1) + exp((0.0767030045 * X2))) * (0.4171480238 * X1))) * (0.0165226385 * X1)) + (2.7860922813 * X1)) * (exp((0.1356204748 * X2)) + ((-0.3667160869) * X2))))
1;11.711777215785796;9.0531339645
12;inf;((exp(((-0.3775146604) * X2)) * (0.5921862125 * X1)) * ((((-0.0300624706) * X1) * (0.7134178877 * X1)) + (1.0307340622 + (0.0958823487 * X2))))
18;nan;((((exp((0.9521512985 * X2)) + ((((-8.0582866669) * X1) + exp((0.0767030045 * X2))) * (0.4171480238 * X1))) * (0.0165226385 * X1)) + (2.7860922813 * X1)) * (exp((0.1356204748 * X2)) + ((-0.3667160869) * X2)))
8;nan;(log(abs(log(abs((0.0243175812 * X1))))) * ((2.9214611053 * X1) * exp(((-0.2821949124) * X2))))
7;nan;(((-0.7946739197) * X1) * (log(abs((0.0239652786 * X1))) * exp(((-0.2743588984) * X2))))
9;inf;(exp((((-0.0251936838) * X1) * (1.0505617857 * X1))) * ((2.9214611053 * X1) * exp(((-0.2734089792) * X2))))
10;nan;((((((-0.0517821796) * X1) * (0.7341285944 * X1)) * (1.3708856106 * X1)) + (2.7182817459 * X1)) * exp(((-0.2677877545) * X2)))
4;1.6458160257104484e+73;(((-0.7966527939) * X1) * exp(((-0.2820672095) * X2)))
3;inf;exp(exp((0.0015369008 * X1)))
2;inf;exp((0.0041427258 * X1))
13;inf;((0.0087775951 * X1) * (((0.0079055270 * X1) * ((((-2.7327327728) * X1) + (0.0797036216 * X2)) * exp(((-0.3941689134) * X2)))) + exp(((-0.3033444881) * X2))))
11;inf;((exp((0.0767030045 * X2)) + (((-0.0291151013) * X1) * (0.7071067691 * X1))) * ((2.9174599648 * X1) * exp(((-0.3773337901) * X2))))
6;nan;(((-0.2732442617) * X1) * (log(abs(((-0.0007766061) * X1))) + (0.7541755438 * X2)))
17;nan;((exp(((-0.0025281110) * X1)) + (0.2921212614 * X1)) + ((((((-0.0589013845) * X1) * (0.7282894254 * X1)) * (1.3827095032 * X1)) + (2.5999298096 * X1)) * (exp(((-0.2822329104) * X2)) + ((-0.0220252238) * X2))))
16;nan;(((((((-0.0722939149) * X1) * (0.7341285944 * X1)) * (1.3937953711 * X1)) + (3.2381081581 * X1)) * (exp(((-0.2357511818) * X2)) + (-0.2018972188))) + (7.2722530365 + (0.2933470011 * X1)))
5;inf;exp(((0.0018202404 * X1) * exp(((-0.2808545530) * X2))))
14;nan;((0.2933468819 * X1) + ((((((-0.0589013845) * X1) * (0.7282894254 * X1)) * (1.3827095032 * X1)) + (2.5999298096 * X1)) * (exp(((-0.2731730938) * X2)) + ((-0.0220252238) * X2))))
20;nan;(7.2492914200 + ((((exp((0.9535027742 * X2)) + ((((-9.2920379639) * X1) + log(abs(((-0.9312310815) * X1)))) * (0.3606311381 * X1))) * (0.0165755972 * X1)) + (2.7861559391 * X1)) * (exp((0.1356523633 * X2)) + ((-0.3667984009) * X2))))
1;8.43019674865886;7.2416076660
12;inf;(((2.8292748928 * X1) * exp(((-0.3738808334) * X2))) * ((((-0.0294569209) * X1) * (0.7191783190 * X1)) + (1.0307340622 + (0.0958823487 * X2))))
18;nan;((((exp((0.9859874845 * X2)) + ((((-8.5482330322) * X1) + exp((0.1357906014 * X2))) * (0.4970983565 * X1))) * (0.0129600903 * X1)) + (2.7851557732 * X1)) * (exp((0.1339036524 * X2)) + ((-0.3623735309) * X2)))
9;inf;(exp((((-0.0305086914) * X1) * (0.7353974581 * X1))) * ((2.9214611053 * X1) * exp(((-0.2754889727) * X2))))
8;nan;(((-0.8082255721) * X1) * (log(abs(log(abs((0.0239652786 * X1))))) * exp(((-0.2809258699) * X2))))
10;inf;((2.2059288025 * X1) * (exp((((-0.0233585816) * X1) * (1.0505617857 * X1))) * (1.1114709377 ^ ((-2.6703698635) * X2))))
11;inf;((exp((0.0767030045 * X2)) + (((-0.0291151013) * X1) * (0.7071067691 * X1))) * (exp(((-0.3775146604) * X2)) * (0.5921862125 * X1)))
5;inf;exp(((0.0087775951 * X1) * exp(((-0.2835082412) * X2))))
4;inf;((2.1255438328 * X1) * exp(((-0.2821744084) * X2)))
3;nan;sqrt(exp((0.0069027003 * X1)))
2;inf;exp((0.0043091183 * X1))
15;nan;((((exp((0.8015965819 * X2)) + (((-1.3529193401) * X1) * (2.8832089901 * X1))) * (0.0140388804 * X1)) + (2.8224184513 * X1)) * (exp(((-0.2443664372) * X2)) + ((-0.0206859875) * X2)))
7;nan;(((-0.8082255721) * X1) * (log(abs(((-0.0250350088) * X1))) * exp(((-0.2689230144) * X2))))
17;nan;((((((-4.4002599716) * X1) * (0.0049544894 * X1)) + exp(((-0.0297829378) * X2))) * ((2.5148110390 * X1) * (exp(((-0.2260347754) * X2)) + ((-0.0362132825) * X2)))) + (7.2719998360 + (0.3316886425 * X1)))
16;nan;(((((((-0.0722939521) * X1) * (0.7341285944 * X1)) * (1.3937953711 * X1)) + (3.2381103039 * X1)) * (exp(((-0.2357506901) * X2)) + (-0.2018979788))) + (7.2475223541 + (0.2923372388 * X1)))
13;inf;((0.0087775951 * X1) * (((0.0068910639 * X1) * ((((-3.1301636696) * X1) + (0.3024113774 * X2)) * exp(((-0.3773337901) * X2)))) + exp(((-0.3030254841) * X2))))
6;nan;(((-0.2722610533) * X1) * (log(abs(((-0.0007597815) * X1))) + (0.7570328712 * X2)))
14;nan;((0.2933468819 * X1) + ((((((-0.0589013658) * X1) * (0.7282894254 * X1)) * (1.3827095032 * X1)) + (2.6010987759 * X1)) * (exp(((-0.2718899846) * X2)) + ((-0.0220252238) * X2))))
20;nan;(7.2340893745 + ((((exp((0.9452325106 * X2)) + ((((-8.2100667953) * X1) + exp((0.2420128733 * X2))) * (0.4031211436 * X1))) * (0.0165760498 * X1)) + (2.7772092819 * X1)) * (exp((0.1345571876 * X2)) + ((-0.3640697896) * X2))))
1;8.43020544436149;7.2386717796
12;inf;(((2.8292748928 * X1) * exp(((-0.3773337901) * X2))) * ((((-0.0290525537) * X1) * (0.7358193398 * X1)) + (1.0307340622 + (0.0958823487 * X2))))
18;nan;((((exp((0.9538101554 * X2)) + ((((-7.5733137131) * X1) + exp((0.0767030045 * X2))) * (0.4399893284 * X1))) * (0.0166376680 * X1)) + (2.7849390507 * X1)) * (exp((0.1355252117 * X2)) + ((-0.3664472103) * X2)))
8;nan;(log(abs(log(abs(((-0.0241540167) * X1))))) * ((2.1994860172 * X1) * exp(((-0.2826772034) * X2))))
7;nan;(((-0.8082255721) * X1) * (log(abs(((-0.0250350088) * X1))) * exp(((-0.2813423276) * X2))))
9;60.86084294244446;(exp((((-0.0305086914) * X1) * (0.7353974581 * X1))) * ((0.0018202404 * X1) * exp(((-0.2740367651) * X2))))
10;inf;(exp((((-0.0233585816) * X1) * (1.0505617857 * X1))) * ((2.1372265816 * X1) * (0.5634070635 ^ (0.4922643304 * X2))))
4;1.8848400247782953e+72;(((-0.7966527939) * X1) * exp(((-0.2822305858) * X2)))
3;inf;exp(exp((0.0018202404 * X1)))
2;inf;exp((0.0045253718 * X1))
13;nan;((0.0087775951 * X1) * (((0.0079055270 * X1) * ((((-2.7327327728) * X1) + (0.2609191537 * X2)) * exp(((-0.3775146604) * X2)))) + exp(((-0.3033444881) * X2))))
11;inf;((exp((0.0821434408 * X2)) + (((-0.0277887378) * X1) * (0.7685834765 * X1))) * ((2.9266068935 * X1) * exp(((-0.3775146604) * X2))))
6;nan;(((-0.2756511271) * X1) * (log(abs(((-0.0007902560) * X1))) + (0.7512370348 * X2)))
17;nan;((exp(((-0.0021156233) * X2)) * (0.2892217934 * X1)) + ((((((-0.0571281426) * X1) * (0.7395096421 * X1)) * (1.4039921761 * X1)) + (2.6025667191 * X1)) * (exp(((-0.2794879973) * X2)) + ((-0.0219405964) * X2))))
16;nan;((7.2473578453 + (0.2917432785 * X1)) + ((((((-0.0602522008) * X1) * (0.7202248573 * X1)) * (1.3673982620 * X1)) + (2.6002259254 * X1)) * (exp(((-0.2826772034) * X2)) + ((-0.0223271735) * X2))))
5;inf;((2.8284614086 * X1) * (1.1755698919 ^ ((-1.7356683016) * X2)))
14;nan;((0.2672263086 * X1) + ((((((-0.0589321814) * X1) * (0.7282894254 * X1)) * (1.3827095032 * X1)) + (2.5995450020 * X1)) * (exp(((-0.2835082412) * X2)) + ((-0.0220402367) * X2))))
20;nan;(7.2423019409 + ((((exp((0.9502193928 * X2)) + ((((-16.6323356628) * X1) + exp((0.3985422552 * X2))) * (0.1986769885 * X1))) * (0.0167603213 * X1)) + (2.7856080532 * X1)) * (exp((0.1355888695 * X2)) + ((-0.3666112423) * X2))))
1;8.43027009248159;7.2330565453
12;inf;((exp(((-0.3775146604) * X2)) * (0.5921862125 * X1)) * ((((-0.0290525537) * X1) * (0.7358193398 * X1)) + (1.0307340622 + (0.0958823487 * X2))))
19;nan;(7.2368688583 + ((((exp((0.9452325106 * X2)) + ((((-3.9967212677) * X1) + (0.3762082458 * X2)) * (0.8126776814 * X1))) * (0.0169518404 * X1)) + (2.7870161533 * X1)) * (exp((0.1355414540 * X2)) + ((-0.3665064871) * X2))))
9;inf;(exp((((-0.0313726850) * X1) * (0.7134178877 * X1))) * ((2.9214611053 * X1) * exp(((-0.2734089792) * X2))))
8;nan;(log(abs(log(abs(((-0.0254548825) * X1))))) * ((2.1704721451 * X1) * exp(((-0.2624769807) * X2))))
10;47.37758694536372;exp((exp((((-0.0310946237) * X1) * (0.7341285944 * X1))) * ((0.0018202404 * X1) * exp(((-0.2740367651) * X2)))))
11;nan;(((2.8292748928 * X1) * exp(((-0.3738808334) * X2))) * ((((-4.4002599716) * X1) * (0.0049544894 * X1)) + exp((0.0758366957 * X2))))
5;1.7053994406111064e+71;((0.7178395987 ^ (0.8472567797 * X2)) * ((-0.2380704284) * X1))
4;inf;((1.9687935114 * X1) * exp(((-0.2826772034) * X2)))
3;nan;sqrt(exp((0.0084726354 * X1)))
2;inf;exp((0.0047640186 * X1))
16;nan;(7.2365269661 + ((0.2933468819 * X1) + ((((((-0.0589013658) * X1) * (0.7282894254 * X1)) * (1.3827095032 * X1)) + (2.6010987759 * X1)) * (exp(((-0.2798661888) * X2)) + ((-0.0220190920) * X2)))))
7;nan;(((-0.7888740897) * X1) * (log(abs((0.0234658439 * X1))) * exp(((-0.2754127681) * X2))))
18;nan;((((exp((0.9545415640 * X2)) + ((((-8.9077968597) * X1) + exp((0.0767030045 * X2))) * (0.3790642023 * X1))) * (0.0164508503 * X1)) + (2.7862999439 * X1)) * (exp((0.1356069744 * X2)) + ((-0.3666882515) * X2)))
17;nan;(((((((-0.0722938702) * X1) * (0.7341285944 * X1)) * (1.3937953711 * X1)) + (3.2381072044 * X1)) * ((0.7608192563 ^ (0.8624224663 * X2)) + (-0.2018968761))) + (7.2722530365 + (0.2933467925 * X1)))
13;inf;((0.0087775951 * X1) * (((0.0402186736 * X1) * ((((-0.5357990265) * X1) + 0.0823313817) * exp(((-0.3773337901) * X2)))) + exp(((-0.3030254841) * X2))))
6;nan;(((-0.2734999955) * X1) * (log(abs(((-0.0007808658) * X1))) + (0.7525596023 * X2)))
14;nan;((0.2933468819 * X1) + ((((((-0.0589013845) * X1) * (0.7282894254 * X1)) * (1.3827095032 * X1)) + (2.5999298096 * X1)) * (exp(((-0.2703327835) * X2)) + ((-0.0220252238) * X2))))
20;nan;(7.2347831726 + ((((exp((0.9859874845 * X2)) + ((((-8.5482330322) * X1) + exp((0.1356204748 * X2))) * (0.4970983565 * X1))) * (0.0129600903 * X1)) + (2.7851557732 * X1)) * (exp((0.1339036524 * X2)) + ((-0.3623735309) * X2))))
1;8.430335790103298;7.2534122467
12;inf;(((2.8292748928 * X1) * exp(((-0.3790599406) * X2))) * ((((-0.0310946237) * X1) * (0.7341285944 * X1)) + (1.0307340622 + (0.0958823487 * X2))))
18;nan;((((exp((0.9538101554 * X2)) + ((((-7.5733137131) * X1) + log(abs(((-0.7219476700) * X1)))) * (0.4399893284 * X1))) * (0.0166376680 * X1)) + (2.7849390507 * X1)) * (exp((0.1355252117 * X2)) + ((-0.3664472103) * X2)))
9;inf;(exp((((-0.0313726850) * X1) * (0.7134178877 * X1))) * ((2.8292748928 * X1) * exp(((-0.2731730938) * X2))))
8;nan;(log(abs(log(abs(((-0.0238698348) * X1))))) * ((2.9214611053 * X1) * exp(((-0.2820672095) * X2))))
10;inf;(exp((((-0.0316601060) * X1) * (0.7202248573 * X1))) * ((0.7331857085 ^ (0.8876922131 * X2)) * (2.0466647148 * X1)))
11;inf;((0.0249172412 * X1) * (exp(((-0.3025172353) * X2)) + (((-0.0361370556) * X1) * (exp(((-0.3738808334) * X2)) * (0.5921862125 * X1)))))
5;inf;exp(((0.0087775951 * X1) * exp(((-0.2846500874) * X2))))
4;inf;((2.1534559727 * X1) * exp(((-0.2652470171) * X2)))
3;nan;sqrt(exp((0.0087775951 * X1)))
2;inf;exp((0.0050051059 * X1))
15;nan;((((exp((0.9521970153 * X2)) + (((-1.2584221363) * X1) * (2.6666164398 * X1))) * (0.0165552683 * X1)) + (2.7849390507 * X1)) * (exp((0.1357906014 * X2)) + ((-0.3664472103) * X2)))
7;nan;(((-0.7946739197) * X1) * (log(abs((0.0239652786 * X1))) * exp(((-0.2794879973) * X2))))
17;nan;((7.2721519470 + (0.2926501036 * X1)) + ((((((-0.0463875234) * X1) * (0.7341285944 * X1)) * (1.3937953711 * X1)) + (2.0791409016 * X1)) * (exp(exp(((-0.1426451057) * X2))) + (-1.4651936293))))
16;nan;((7.2353792191 + (0.2921212614 * X1)) + ((((((-0.0589013845) * X1) * (0.7282894254 * X1)) * (1.3827095032 * X1)) + (2.5999298096 * X1)) * (exp(((-0.2787703276) * X2)) + ((-0.0220252238) * X2))))
13;28.775877071150557;exp(exp(((0.0087775951 * X1) * (exp(((-0.3025172353) * X2)) + (((-0.0363670923) * X1) * (exp(((-0.3908242583) * X2)) * (0.5921862125 * X1)))))))
6;nan;(((-0.2760967910) * X1) * (log(abs(((-0.0008003780) * X1))) + (0.7488141656 * X2)))
14;nan;((0.2933468819 * X1) + ((((((-0.0589013658) * X1) * (0.7282894254 * X1)) * (1.3827095032 * X1)) + (2.6010987759 * X1)) * (exp(((-0.2701213360) * X2)) + ((-0.0220252238) * X2))))
20;nan;(7.2350196838 + ((((exp((0.9545415640 * X2)) + ((((-8.9077968597) * X1) + exp((0.0767030045 * X2))) * (0.3790642023 * X1))) * (0.0164508503 * X1)) + (2.7862999439 * X1)) * (exp((0.1356069744 * X2)) + ((-0.3666882515) * X2))))
1;9.048718027365187;8.0280818939
12;inf;(((2.9267041683 * X1) * exp(((-0.3713086843) * X2))) * ((((-0.0234859586) * X1) * (0.8028388619 * X1)) + (0.9202187657 + (0.0861613452 * X2))))
19;nan;(7.2368588448 + ((((exp((0.9417359829 * X2)) + ((((-4.0059032440) * X1) + (0.3764744699 * X2)) * (0.8145403862 * X1))) * (0.0168481600 * X1)) + (2.7766678333 * X1)) * (exp((0.1345979571 * X2)) + ((-0.3641306758) * X2))))
9;66.77827795240488;(((-0.9283998013) * X1) * (exp((((-0.0251936838) * X1) * (1.0505617857 * X1))) * exp(((-0.2701213360) * X2))))
8;nan;(log(abs(log(abs(((-0.0249240734) * X1))))) * ((2.2316100597 * X1) * exp(((-0.2631515265) * X2))))
10;66.708115776487;(((-0.9283998013) * X1) * (exp((((-0.0251936838) * X1) * (1.0505617857 * X1))) * (1.6349517107 ^ ((-0.5607457757) * X2))))
11;nan;((exp((0.0797036216 * X2)) + (((-0.0290525537) * X1) * (0.7358193398 * X1))) * ((2.9226701260 * X1) * exp(((-0.3738808334) * X2))))
5;inf;exp(((0.0018202404 * X1) * exp(((-0.2826772034) * X2))))
4;7.885348093588184e+70;((0.0551647507 * X1) * exp(((-0.2832446694) * X2)))
3;nan;sqrt(exp((0.0000354467 * X1)))
2;inf;exp((0.0053742714 * X1))
16;47.350031295334574;exp(((0.0087775951 * X1) * ((exp(((-0.2405882031) * X2)) + (((-0.0332634524) * X1) * ((exp((0.1355414540 * X2)) + ((-0.3666882515) * X2)) * (0.5921862125 * X1)))) + ((-0.0149834342) * X2))))
7;nan;(((-0.9283998013) * X1) * (log(abs(((-0.0238698348) * X1))) * exp(((-0.2808545530) * X2))))
18;nan;((((exp((0.9533671737 * X2)) + ((((-10.3527259827) * X1) + exp((0.3005285263 * X2))) * (0.3247889280 * X1))) * (0.0164832361 * X1)) + (2.7859561443 * X1)) * (exp((0.1356204748 * X2)) + ((-0.3665064871) * X2)))
17;nan;((7.2721052170 + (0.2907135189 * X1)) + (((exp((((-0.0078696953) * X1) * (0.8505083919 * X1))) * (9.6757297516 * X1)) + ((-7.0463371277) * X1)) * (exp(((-0.2818655968) * X2)) + ((-0.0219356939) * X2))))
13;inf;((exp((0.0767030045 * X2)) + (((-0.0300624706) * X1) * (0.7341285944 * X1))) * ((exp(((-0.3647457957) * X2)) + ((-0.0019945460) * X2)) * (0.5921862125 * X1)))
6;nan;(((-0.2883186340) * X1) * (log(abs(((-0.0010713893) * X1))) + (0.7080084682 * X2)))
14;nan;((0.2933468819 * X1) + ((((((-0.0589013845) * X1) * (0.7282894254 * X1)) * (1.3827095032 * X1)) + (2.5999298096 * X1)) * (exp(((-0.2697230279) * X2)) + ((-0.0220252238) * X2))))
20;nan;(7.2350196838 + ((((exp((0.9545415640 * X2)) + ((((-8.9077968597) * X1) + exp((0.0767030045 * X2))) * (0.3790642023 * X1))) * (0.0164508503 * X1)) + (2.7862999439 * X1)) * (exp((0.1355414540 * X2)) + ((-0.3665064871) * X2))))
1;8.430250352457449;7.2342991829
12;inf;(((2.7861056328 * X1) * exp(((-0.3740162849) * X2))) * ((((-0.0305086914) * X1) * (0.7353974581 * X1)) + (1.0033153296 + (0.0933309942 * X2))))
19;nan;((((((-0.0310992226) * X1) * (0.7341285944 * X1)) + exp((0.0042208666 * X1))) * (((-0.1477699131) + (2.6018164158 * X1)) * (exp(((-0.2827813327) * X2)) + ((-0.0220190920) * X2)))) + (7.2473578453 + (0.2917432785 * X1)))
9;inf;(exp((((-0.0251936838) * X1) * (1.0505617857 * X1))) * ((2.9214611053 * X1) * exp(((-0.2697230279) * X2))))
8;nan;(((-0.8082255721) * X1) * (log(abs(log(abs((0.0239652786 * X1))))) * exp(((-0.2835082412) * X2))))
10;47.35040343929195;exp(((0.0087775951 * X1) * (exp((((-0.0251936838) * X1) * (1.0505617857 * X1))) * exp(((-0.2808545530) * X2)))))
11;inf;((exp(((-0.3775146604) * X2)) * (0.5921862125 * X1)) * ((((-0.0300624706) * X1) * (0.7341285944 * X1)) + exp((0.0767030045 * X2))))
5;47.40697907835222;exp((((-0.0007902290) * X1) * exp(((-0.2813423276) * X2))))
4;1.861785400193884e+72;(((-0.7966527939) * X1) * exp(((-0.2835082412) * X2)))
3;29.178198897830036;exp(exp(((-0.0071490183) * X1)))
2;inf;exp((0.0058746184 * X1))
16;nan;exp(((0.0087775951 * X1) * ((exp(((-0.2357506901) * X2)) + (((-0.0332634524) * X1) * ((exp(((-0.2154869139) * X2)) + ((-0.0393074155) * X2)) * (0.5921862125 * X1)))) + ((-0.0149834342) * X2))))
7;nan;(((-0.8082255721) * X1) * (log(abs(((-0.0250350088) * X1))) * exp(((-0.2835082412) * X2))))
18;nan;((((exp((0.9556934834 * X2)) + ((((-8.8480443954) * X1) + exp(((-0.1945338547) * X1))) * (0.3772039711 * X1))) * (0.0162053797 * X1)) + (2.7842302322 * X1)) * (exp((0.1355252117 * X2)) + ((-0.3664472103) * X2)))
17;nan;((((((-0.0310943052) * X1) * (0.7341285944 * X1)) + exp((0.0050559612 * X1))) * ((2.5995857716 * X1) * (exp(((-0.2742309570) * X2)) + ((-0.0217959248) * X2)))) + (7.2472014427 + (0.2927577496 * X1)))
13;inf;((exp((0.0821434408 * X2)) + (((-0.0293112136) * X1) * (0.7341285944 * X1))) * ((2.9174599648 * X1) * (exp(((-0.3604637086) * X2)) + ((-0.0021156233) * X2))))
6;nan;(((-0.2740451097) * X1) * (log(abs(((-0.0007658439) * X1))) + (0.7543866038 * X2)))
14;nan;((exp(exp((0.0692665800 * X2))) + (((-0.0496151261) * X1) * (1.1590952873 * X1))) * ((1.0799709558 * X1) * (exp(((-0.3594311178) * X2)) + ((-0.0034191958) * X2))))
20;1.0126635530206459e+69;((((((-0.0878233165) * X1) * (1.9085427523 * X1)) + (7.3443679810 + (0.0310030449 * X1))) * (((-0.0201165862) + (0.3542651534 * X1)) * (exp(((-0.2827848196) * X2)) + ((-0.0220161360) * X2)))) + (7.2816343307 + (0.2932515144 * X1)))
1;8.43019674850756;7.2416248322
12;inf;(((3.7591018677 * X1) * exp(((-0.3819231391) * X2))) * ((((-0.0039767781) * X1) * (4.0649867058 * X1)) + (0.7378491759 + (0.0814205185 * X2))))
19;nan;(7.2368688583 + ((((exp((0.9435898662 * X2)) + ((((-3.9967212677) * X1) + (0.3762082458 * X2)) * (0.8126776814 * X1))) * (0.0169518404 * X1)) + (2.7780363560 * X1)) * (exp((0.1355414540 * X2)) + ((-0.3665064871) * X2))))
10;nan;(exp(((-0.2633341849) * X2)) * (((((-0.0517859384) * X1) * (0.7341285944 * X1)) * (1.3708856106 * X1)) + (2.8285975456 * X1)))
9;1626989848.728241;(((-0.9283998013) * X1) * (exp((((-0.0316601060) * X1) * (0.7202248573 * X1))) * exp(((-0.2826772034) * X2))))
11;inf;(((3.7591018677 * X1) * exp(((-0.3819231391) * X2))) * (exp((0.0758366957 * X2)) + (((-0.0308879260) * X1) * (0.6851285100 * X1))))
6;nan;(((-0.2735675573) * X1) * (log(abs(((-0.0007584968) * X1))) + (0.7552962303 * X2)))
5;inf;((2.0453228951 * X1) * (0.9304872155 ^ (3.9161624908 * X2)))
4;inf;((1.8932683468 * X1) * exp(((-0.2838025391) * X2)))
3;29.19234368276007;exp(exp(((-0.0073548104) * X1)))
2;inf;exp((0.0060402825 * X1))
16;nan;((7.2247242928 + (0.2913901210 * X1)) + ((((((-0.0589013658) * X1) * (0.7282894254 * X1)) * (1.3827095032 * X1)) + (2.6010987759 * X1)) * (exp(((-0.2753113806) * X2)) + ((-0.0223271735) * X2))))
15;nan;((((2.9165410995 * X1) * exp(((-0.3732509315) * X2))) * ((((-0.0291151013) * X1) * (0.7341285944 * X1)) + (exp((0.0031153995 * X1)) + (0.0921581239 * X2)))) + 7.2481713295)
13;inf;((0.0087775951 * X1) * ((exp(((-0.2820672095) * X2)) + (((-0.0361370556) * X1) * (exp(((-0.3604637086) * X2)) * (0.5921862125 * X1)))) + ((-0.0023384835) * X2)))
8;nan;((2.2059288025 * X1) * (log(abs(log(abs(((-0.0245345272) * X1))))) * exp(((-0.2638953328) * X2))))
18;nan;((((exp((0.9551094770 * X2)) + ((((-8.8480443954) * X1) + exp(((-0.1945338547) * X1))) * (0.3772039711 * X1))) * (0.0162053797 * X1)) + (2.7842302322 * X1)) * (exp((0.1355252117 * X2)) + ((-0.3664472103) * X2)))
17;nan;(((1.7428973913 * X1) * exp(((-0.2570701540) * X2))) + ((((((-0.0517821796) * X1) * (0.7341285944 * X1)) * (1.4142135382 * X1)) + (1.0948355198 * X1)) * (exp(((-0.2131268233) * X2)) + ((-0.0400123075) * X2))))
7;nan;(((-0.9283998013) * X1) * (log(abs(((-0.0307196695) * X1))) * exp(((-0.2627242804) * X2))))
14;nan;((exp(exp((0.0728134066 * X2))) + (((-0.0498849787) * X1) * (1.1590952873 * X1))) * ((1.0815296173 * X1) * (exp(((-0.3638479710) * X2)) + ((-0.0032584849) * X2))))
20;1.0127545209802941e+69;((((((-0.0878232867) * X1) * (1.9085427523 * X1)) + (7.3443679810 + (0.0310054589 * X1))) * (((-0.0201169457) + (0.3542643189 * X1)) * (exp(((-0.2827813327) * X2)) + ((-0.0220167320) * X2)))) + (7.2473578453 + (0.2917432785 * X1)))
1;8.4593083696135;7.4122419357
12;inf;((2.0463860035 * X1) * ((1.6349517107 ^ ((-0.6155459881) * X2)) + (((-0.0363670923) * X1) * (exp(((-0.3775146604) * X2)) * (0.5921862125 * X1)))))
19;nan;(7.2368807793 + ((((exp((0.9411284924 * X2)) + ((((-3.9974219799) * X1) + (0.3755743802 * X2)) * (0.8128170371 * X1))) * (0.0169325657 * X1)) + (2.7762658596 * X1)) * (exp((0.1345647722 * X2)) + ((-0.3640684485) * X2))))
10;47.33701386146586;exp(((0.0087775951 * X1) * (exp((((-0.0300624706) * X1) * (0.7341285944 * X1))) * exp(((-0.2756823301) * X2)))))
9;inf;((2.2059288025 * X1) * (exp((((-0.0292253103) * X1) * (0.7569627762 * X1))) * exp(((-0.2756823301) * X2))))
11;inf;((exp(((-0.3732509315) * X2)) * (0.5921862125 * X1)) * ((((-0.0300624706) * X1) * (0.7341285944 * X1)) + exp((0.0767030045 * X2))))
6;nan;(((-0.2745999396) * X1) * (log(abs(((-0.0007913646) * X1))) + (0.7482466698 * X2)))
5;8.636820257145855e+69;((1.1114709377 ^ ((-2.6703698635) * X2)) * (0.0539235696 * X1))
4;2.2323174861176368e+73;(((-0.9283998013) * X1) * exp(((-0.2839718163) * X2)))
3;inf;exp(exp((0.0029656850 * X1)))
2;inf;exp((0.0068910639 * X1))
16;nan;((7.2721347809 + (0.2926540077 * X1)) + ((((((-0.0579993650) * X1) * (0.7341285944 * X1)) * (1.3937953711 * X1)) + (2.5980415344 * X1)) * (exp(((-0.2755359709) * X2)) + ((-0.0223280601) * X2))))
15;nan;((((2.9165410995 * X1) * exp(((-0.3732509315) * X2))) * ((((-0.0291151013) * X1) * (0.7341285944 * X1)) + (exp((0.0033232940 * X1)) + (0.0921581239 * X2)))) + 7.2481713295)
13;47.35260461145241;exp(((0.0087775951 * X1) * ((1.6349517107 ^ ((-0.6155459881) * X2)) + (((-0.0361370556) * X1) * (exp(((-0.3775146604) * X2)) * (0.5921862125 * X1))))))
8;nan;((2.2084677219 * X1) * (log(abs(log(abs(((-0.0245345272) * X1))))) * exp(((-0.2636119127) * X2))))
18;nan;((((exp((0.9859874845 * X2)) + ((((-8.5482330322) * X1) + exp((0.0921581239 * X2))) * (0.4970983565 * X1))) * (0.0129600903 * X1)) + (2.7851557732 * X1)) * (exp((0.1339036524 * X2)) + ((-0.3623735309) * X2)))
17;inf;((((((-0.0316601060) * X1) * (0.7202248573 * X1)) + exp(((-0.0003984161) * X1))) * ((2.6003210545 * X1) * (exp(((-0.2820800245) * X2)) + ((-0.0220027976) * X2)))) + (7.2473578453 + (0.2917432785 * X1)))
7;nan;(((-0.9283998013) * X1) * (log(abs(((-0.0233585816) * X1))) * exp(((-0.2689230144) * X2))))
14;nan;exp(((0.0018202404 * X1) * (((0.0068910639 * X1) * ((((-3.1301636696) * X1) + (0.3024113774 * X2)) * exp(((-0.3941689134) * X2)))) + exp(((-0.3030254841) * X2)))))
20;nan;(7.2380619049 + ((((exp((0.9543550014 * X2)) + ((((-11.3308286667) * X1) + exp((0.1356204748 * X2))) * (0.3028599918 * X1))) * (0.0161634404 * X1)) + (2.7846758366 * X1)) * (exp((0.1352599263 * X2)) + ((-0.3657699823) * X2))))
1;8.431143171425198;7.2723846436
12;47.26176901778833;exp(((0.0249172412 * X1) * (exp(((-0.3025172353) * X2)) + (((-0.0361370556) * X1) * (exp(((-0.3775146604) * X2)) * (0.5921862125 * X1))))))
19;nan;(7.2368688583 + ((((exp((0.9435898662 * X2)) + ((((-3.9967212677) * X1) + (0.3762082458 * X2)) * (0.8126776814 * X1))) * (0.0169518404 * X1)) + (2.7780363560 * X1)) * (exp((0.1347713321 * X2)) + ((-0.3646444380) * X2))))
10;inf;(exp((((-0.0342490673) * X1) * (0.6520295143 * X1))) * ((0.7331857085 ^ (0.8876922131 * X2)) * (2.0466647148 * X1)))
9;inf;(exp((((-0.0313726850) * X1) * (0.7134178877 * X1))) * ((2.8292748928 * X1) * exp(((-0.2701213360) * X2))))
11;inf;((exp((0.0767030045 * X2)) + (((-0.0291151013) * X1) * (0.7071067691 * X1))) * (exp(((-0.3819231391) * X2)) * (2.7182817459 * X1)))
6;nan;(((-0.2588113844) * X1) * (log(abs(((-0.0005571884) * X1))) + (0.7973610759 * X2)))
5;inf;((1.8161023855 * X1) * (0.5634070635 ^ (0.4922643304 * X2)))
4;2.26490598303167e+73;(((-0.9283998013) * X1) * exp(((-0.2639950812) * X2)))
3;inf;exp(exp((0.0030479957 * X1)))
2;47.62956567899168;exp(((-0.0173735134) * X1))
16;nan;((7.2247242928 + (0.2913901210 * X1)) + ((((((-0.0602522008) * X1) * (0.7202248573 * X1)) * (1.3673982620 * X1)) + (2.6002259254 * X1)) * (exp(((-0.2756823301) * X2)) + ((-0.0220247991) * X2))))
15;47.37604147148348;sqrt(exp(((0.0087775951 * X1) * (((0.0079055270 * X1) * ((((-2.7327327728) * X1) + (0.2609191537 * X2)) * exp(((-0.3941689134) * X2)))) + exp(((-0.3033444881) * X2))))))
13;inf;(((exp(((-0.2882546186) * X2)) + (((-0.0361299478) * X1) * (exp(((-0.3941689134) * X2)) * (0.5921862125 * X1)))) + ((-0.0023416358) * X2)) * (2.9333615303 * X1))
8;nan;(((2.2162766457 * X1) * exp(((-0.2634183168) * X2))) * log(abs(log(abs(((-0.0245212149) * X1))))))
18;nan;((((exp((0.9568626881 * X2)) + ((((-8.8824644089) * X1) + exp((0.1355414540 * X2))) * (0.3675619960 * X1))) * (0.0169465262 * X1)) + (2.7862999439 * X1)) * (exp((0.1355414540 * X2)) + ((-0.3666882515) * X2)))
17;nan;(((((((-0.0589013845) * X1) * (0.7282894254 * X1)) * (1.3827095032 * X1)) + (2.5999298096 * X1)) * ((1.6349517107 ^ ((-0.5607457757) * X2)) + ((-0.0220252238) * X2))) + (7.2722802162 + (0.2672263086 * X1)))
7;nan;(((-0.9227771759) * X1) * (log(abs(((-0.0307196695) * X1))) * exp(((-0.2879171968) * X2))))
14;nan;exp(((0.0087775951 * X1) * (((0.0068910639 * X1) * ((((-3.1301636696) * X1) + (0.3024113774 * X2)) * exp(((-0.3926631510) * X2)))) + exp(((-0.3030254841) * X2)))))
20;nan;(7.2469921112 + ((((exp((0.9556586146 * X2)) + ((((-8.8463869095) * X1) + exp(((-0.1944304109) * X1))) * (0.3773331046 * X1))) * (0.0162030142 * X1)) + (2.7841978073 * X1)) * (exp((0.1354062557 * X2)) + ((-0.3661629260) * X2))))
1;8.431232098560702;7.2737975121
12;inf;(((2.8292748928 * X1) * exp(((-0.3773337901) * X2))) * ((((-0.0294569209) * X1) * (0.7191783190 * X1)) + (1.0307340622 + (0.0958823487 * X2))))
19;nan;(7.2453823090 + ((((exp((0.9556457996 * X2)) + ((((-8.9077968597) * X1) + 1.3578318357) * (0.3852091730 * X1))) * (0.0161687620 * X1)) + (2.7851645947 * X1)) * (exp((0.1353647262 * X2)) + ((-0.3660531640) * X2))))
10;inf;(exp((((-0.0316601060) * X1) * (0.7202248573 * X1))) * ((1.1114709377 ^ ((-2.6703698635) * X2)) * (2.0466647148 * X1)))
9;inf;((exp((((-0.0300624706) * X1) * (0.7341285944 * X1))) * exp(((-0.2756823301) * X2))) * (2.0466647148 * X1))
11;inf;(((3.7591018677 * X1) * exp(((-0.3740162849) * X2))) * (exp((0.0821434408 * X2)) + (((-0.0277887378) * X1) * (0.7685834765 * X1))))
6;nan;((log(abs(((-0.0005010427) * X1))) + (0.8110730052 * X2)) * ((-0.2545025051) * X1))
5;inf;((0.8768225908 ^ (2.1524052620 * X2)) * (2.1178789139 * X1))
4;1.7170093940131466e+73;(((-0.8082255721) * X1) * exp(((-0.2636221349) * X2)))
3;inf;exp(exp((0.0033194928 * X1)))
2;inf;exp((0.0081955604 * X1))
16;nan;((((-0.0291151013) * X1) + (0.2913900912 * X1)) + ((((((-0.0584329069) * X1) * (0.7341285944 * X1)) * (1.3827095032 * X1)) + (2.6010997295 * X1)) * (exp(((-0.2740367055) * X2)) + ((-0.0220246874) * X2))))
15;inf;(((2.9786088467 * X1) * (((0.0079055270 * X1) * ((((-2.7327327728) * X1) + (0.2609191537 * X2)) * exp(((-0.3941689134) * X2)))) + exp(((-0.3033444881) * X2)))) + 7.2360291481)
13;nan;((((((-0.0228233729) * X1) * ((2.0463860035 * X1) * exp(((-0.0882714838) * X2)))) * (1.3708856106 * X1)) + (2.9739682674 * X1)) * exp(((-0.3023643494) * X2)))
8;nan;(log(abs(log(abs(((-0.0245345272) * X1))))) * ((2.2316100597 * X1) * exp(((-0.2631515265) * X2))))
18;nan;((((exp((0.9533671737 * X2)) + ((((-10.3527259827) * X1) + exp((0.0767030045 * X2))) * (0.3247889280 * X1))) * (0.0164832361 * X1)) + (2.7859561443 * X1)) * (exp((0.1355414540 * X2)) + ((-0.3665064871) * X2)))
17;nan;((7.2387380600 + (0.2962820232 * X1)) + (((((-0.0316601060) * X1) * (0.7202248573 * X1)) + exp((0.0000354467 * X1))) * ((2.6003210545 * X1) * (exp(((-0.2882872224) * X2)) + ((-0.0223271735) * X2)))))
7;nan;(((-0.7888740897) * X1) * (log(abs((0.0234658439 * X1))) * exp(((-0.2822053134) * X2))))
14;nan;exp(((0.0087775951 * X1) * (((0.0079055270 * X1) * ((((-2.7327327728) * X1) + (0.2609191537 * X2)) * exp(((-0.3941689134) * X2)))) + exp(((-0.3039087951) * X2)))))
20;nan;(7.2497830391 + ((((exp((0.9556934834 * X2)) + ((((-8.8480443954) * X1) + exp(((-0.1945338547) * X1))) * (0.3772039711 * X1))) * (0.0162053797 * X1)) + (2.7842302322 * X1)) * (exp((0.1355252117 * X2)) + ((-0.3664472103) * X2))))
1;13.97297868553325;9.5959320068
12;inf;(((2.8292748928 * X1) * exp(((-0.3819231391) * X2))) * ((((-0.0300624706) * X1) * (0.7341285944 * X1)) + (1.0307340622 + (0.0958823487 * X2))))
19;nan;(7.2366843224 + ((((exp((0.9283545017 * X2)) + ((((-3.9434723854) * X1) + (0.3715052903 * X2)) * (0.8018457890 * X1))) * (0.0173668526 * X1)) + (2.7712950706 * X1)) * (exp((0.1341066509 * X2)) + ((-0.3627212644) * X2))))
10;nan;((((((-0.0523635522) * X1) * (0.7341285944 * X1)) * (1.3708856106 * X1)) + (2.8284862041 * X1)) * exp(((-0.2625956535) * X2)))
9;inf;(exp((((-0.0313726850) * X1) * (0.7134178877 * X1))) * ((2.9214611053 * X1) * exp(((-0.2813423276) * X2))))
11;inf;(((3.7591018677 * X1) * exp(((-0.3819231391) * X2))) * (exp((0.0821434408 * X2)) + (((-0.0307196695) * X1) * (0.7341285944 * X1))))
6;nan;((log(abs(((-0.0005131315) * X1))) + (0.8074285388 * X2)) * ((-0.2552151084) * X1))
5;inf;exp(((0.0249172412 * X1) * exp(((-0.2754127681) * X2))))
4;1.8675924856192435e+72;(((-0.2665250301) * X1) * exp(((-0.2633341849) * X2)))
3;inf;exp(exp((0.0034210766 * X1)))
2;inf;exp((0.0084726354 * X1))
16;nan;((7.2657680511 + (0.2918476760 * X1)) + ((((((-0.0589013845) * X1) * (0.7282894254 * X1)) * (1.3827095032 * X1)) + (2.5999298096 * X1)) * (exp(((-0.2751986980) * X2)) + ((-0.0220252238) * X2))))
15;inf;(((2.9770770073 * X1) * (((0.0068910639 * X1) * ((((-3.1301636696) * X1) + (0.3024113774 * X2)) * exp(((-0.3926631510) * X2)))) + exp(((-0.3030254841) * X2)))) + 7.2358579636)
13;inf;(((2.9770770073 * X1) * (exp(((-0.3025172353) * X2)) + (((-0.0105114523) * X1) * ((2.0463860035 * X1) * exp(((-0.3909119368) * X2)))))) + 7.2358579636)
8;nan;((2.2084677219 * X1) * (log(abs(log(abs((0.0243175812 * X1))))) * exp(((-0.2636119127) * X2))))
18;nan;((((exp((0.9538245797 * X2)) + ((((-8.0582866669) * X1) + exp(((-0.0025281110) * X1))) * (0.4171480238 * X1))) * (0.0165226385 * X1)) + (2.7860922813 * X1)) * (exp((0.1356204748 * X2)) + ((-0.3667160869) * X2)))
17;nan;((((((-0.0310943052) * X1) * (0.7341285944 * X1)) + exp((0.0050559612 * X1))) * ((2.5995857716 * X1) * (exp(((-0.2731730938) * X2)) + ((-0.0217959248) * X2)))) + (7.2472014427 + (0.2927577496 * X1)))
7;nan;(((-0.7888740897) * X1) * (log(abs((0.0234658439 * X1))) * exp(((-0.2826772034) * X2))))
14;nan;exp(((0.0087775951 * X1) * (((0.0068910639 * X1) * ((((-3.1301636696) * X1) + (0.3024113774 * X2)) * exp(((-0.3941689134) * X2)))) + exp(((-0.3030254841) * X2)))))
20;nan;(7.2366485596 + ((((exp((0.9644305706 * X2)) + ((((-9.5837631226) * X1) + exp((0.2633209825 * X2))) * (0.4580193758 * X1))) * (0.0124218697 * X1)) + (2.7632253170 * X1)) * (exp((0.1310901940 * X2)) + ((-0.3549162447) * X2))))
1;8.440869652243125;7.1383109093
12;inf;(((2.8292748928 * X1) * exp(((-0.3790599406) * X2))) * ((((-0.0307367910) * X1) * (0.6925110221 * X1)) + (1.0307340622 + (0.0958823487 * X2))))
19;nan;(7.2497830391 + ((((exp((0.9538245797 * X2)) + ((((-8.0582866669) * X1) + 1.1014164686) * (0.4171480238 * X1))) * (0.0165226385 * X1)) + (2.7860922813 * X1)) * (exp((0.1356204748 * X2)) + ((-0.3667160869) * X2))))
10;nan;((((((-0.0517821796) * X1) * (0.7341285944 * X1)) * (1.3708856106 * X1)) + (2.8284614086 * X1)) * exp(((-0.2621671855) * X2)))
9;inf;(exp((((-0.0313726850) * X1) * (0.7134178877 * X1))) * ((2.9214611053 * X1) * exp(((-0.2820672095) * X2))))
11;inf;((exp((0.0767030045 * X2)) + (((-0.0305086914) * X1) * (0.7353974581 * X1))) * ((2.9174599648 * X1) * exp(((-0.3773337901) * X2))))
6;nan;(((-0.2858928442) * X1) * (log(abs(((-0.0009715192) * X1))) + (0.7177196145 * X2)))
5;inf;((0.8765890598 ^ (2.1524052620 * X2)) * (2.1219656467 * X1))
4;1.649183595716203e+73;(((-0.7918202281) * X1) * exp(((-0.2627242804) * X2)))
3;inf;exp(exp((0.0035770293 * X1)))
2;47.64474130026614;exp(((-0.0186167955) * X1))
16;nan;(((((((-0.0589013658) * X1) * (0.7282894254 * X1)) * (1.3827095032 * X1)) + (2.6010987759 * X1)) * (exp(((-0.2751986980) * X2)) + ((-0.0220252238) * X2))) + (7.2274956703 + (0.2927019596 * X1)))
15;inf;(((2.9770770073 * X1) * (((0.0068910639 * X1) * ((((-3.1301636696) * X1) + (0.3024113774 * X2)) * exp(((-0.3941689134) * X2)))) + exp(((-0.3030254841) * X2)))) + 7.2358579636)
13;inf;((0.0087775951 * X1) * (((0.0068910639 * X1) * ((((-3.1301636696) * X1) + ((-0.0010346028) * X1)) * exp(((-0.3900032640) * X2)))) + exp(((-0.3030254841) * X2))))
8;nan;((2.2080163956 * X1) * (log(abs(log(abs((0.0243270956 * X1))))) * exp(((-0.2633472383) * X2))))
18;nan;((((exp((0.9521970153 * X2)) + ((((-8.7540493011) * X1) + exp((0.2583293915 * X2))) * (0.3864436746 * X1))) * (0.0165552683 * X1)) + (2.7849390507 * X1)) * (exp((0.1356069744 * X2)) + ((-0.3664472103) * X2)))
17;nan;((7.2353792191 + (0.2921212614 * X1)) + ((((((-0.0589013845) * X1) * (0.7282894254 * X1)) * (1.3827095032 * X1)) + (2.5999298096 * X1)) * ((1.6349517107 ^ ((-0.5607457757) * X2)) + ((-0.0220252238) * X2))))
7;nan;(((-0.9283998013) * X1) * (log(abs(((-0.0277887378) * X1))) * exp(((-0.2882872224) * X2))))
14;nan;exp(((0.0087775951 * X1) * (((0.0079055270 * X1) * ((((-2.7327327728) * X1) + (0.2609191537 * X2)) * exp(((-0.3941689134) * X2)))) + exp(((-0.3025172353) * X2)))))
20;nan;(7.2350196838 + ((((exp((0.9538245797 * X2)) + ((((-8.0582866669) * X1) + exp((0.1357906014 * X2))) * (0.4171480238 * X1))) * (0.0165226385 * X1)) + (2.7862999439 * X1)) * (exp((0.1355414540 * X2)) + ((-0.3666882515) * X2))))
1;8.689834277361763;6.7320742607
12;47.2620935669983;exp(((0.0249172412 * X1) * (exp(((-0.3025172353) * X2)) + (((-0.0361370556) * X1) * (exp(((-0.3738808334) * X2)) * (0.5921862125 * X1))))))
19;nan;(7.2353029251 + ((((exp((0.9568626881 * X2)) + ((((-4.0451369286) * X1) + (0.3808519542 * X2)) * (0.8225130439 * X1))) * (0.0169465262 * X1)) + (2.7889368534 * X1)) * (exp((0.1362782866 * X2)) + ((-0.3683702052) * X2))))
10;inf;(exp((((-0.0300624706) * X1) * (0.7341285944 * X1))) * ((0.7331857085 ^ (0.8876922131 * X2)) * (2.0466647148 * X1)))
9;inf;(exp((((-0.0305086914) * X1) * (0.7353974581 * X1))) * ((2.9214611053 * X1) * exp(((-0.2826772034) * X2))))
11;inf;(((2.7861056328 * X1) * exp(((-0.3740162849) * X2))) * (exp((0.0767030045 * X2)) + (((-0.0313726850) * X1) * (0.7134178877 * X1))))
6;nan;(((-0.4173963666) * X1) * (log(abs(((-0.0062901415) * X1))) + (0.4780831337 * X2)))
5;inf;exp(((0.0087775951 * X1) * exp(((-0.2617087364) * X2))))
4;inf;((2.1704721451 * X1) * exp(((-0.2624769807) * X2)))
3;nan;sqrt(exp((0.0150981508 * X1)))
2;inf;exp((0.0087775951 * X1))
16;nan;(((0.2933468819 * X1) + ((((((-0.0589013845) * X1) * (0.7282894254 * X1)) * (1.3827095032 * X1)) + (2.5999298096 * X1)) * (exp(((-0.2751986980) * X2)) + ((-0.0220252238) * X2)))) + 7.2736258507)
15;28.881273611199916;exp(exp(((0.0018202404 * X1) * (((0.0068910639 * X1) * ((((-3.1301636696) * X1) + (0.3024113774 * X2)) * exp(((-0.3853346407) * X2)))) + exp(((-0.3025172353) * X2))))))
13;inf;(((exp(((-0.2883096933) * X2)) + (((-0.0361370556) * X1) * (exp(((-0.3604637086) * X2)) * (0.5921862125 * X1)))) + ((-0.0023384835) * X2)) * (2.9335932732 * X1))
8;nan;(log(abs(log(abs((0.0243920144 * X1))))) * ((2.2085249424 * X1) * exp(((-0.2628583610) * X2))))
18;nan;((((exp((0.9545415640 * X2)) + ((((-8.9077968597) * X1) + exp(((-0.0038130160) * X1))) * (0.3790642023 * X1))) * (0.0164508503 * X1)) + (2.7862999439 * X1)) * (exp((0.1356069744 * X2)) + ((-0.3666882515) * X2)))
17;nan;((exp(((-0.0034543315) * X1)) * (0.2892217934 * X1)) + ((((((-0.0571281426) * X1) * (0.7395096421 * X1)) * (1.4039921761 * X1)) + (2.6025667191 * X1)) * (exp(((-0.2787703276) * X2)) + ((-0.0219405964) * X2))))
7;nan;(((-0.9283998013) * X1) * (log(abs(((-0.0307196695) * X1))) * exp(((-0.2608263791) * X2))))
14;nan;exp(((0.0018202404 * X1) * (((0.0068910639 * X1) * ((((-3.1301636696) * X1) + (0.3024113774 * X2)) * exp(((-0.3853346407) * X2)))) + exp(((-0.3025172353) * X2)))))
20;nan;(((-0.0007902290) * X1) + ((((exp((0.9556934834 * X2)) + ((((-8.8480443954) * X1) + exp(((-0.1945338547) * X1))) * (0.3772039711 * X1))) * (0.0162053797 * X1)) + (2.7859561443 * X1)) * (exp((0.1355414540 * X2)) + ((-0.3665064871) * X2))))
1;8.430199176441617;7.2431788445
12;inf;((1.8821763992 ^ ((-0.5830543637) * X2)) * ((2.9711184502 * X1) * (exp((0.0765554532 * X2)) + (((-0.0240482967) * X1) * (0.8809100389 * X1)))))
19;nan;(7.2369151115 + ((((exp((0.9422751665 * X2)) + ((((-3.9780395031) * X1) + (0.3742579222 * X2)) * (0.8088817000 * X1))) * (0.0171373226 * X1)) + (2.7771968842 * X1)) * (exp((0.1347009987 * X2)) + ((-0.3645142019) * X2))))
10;47.3121811254299;exp(((0.0137454271 * X1) * (exp((((-0.0233585816) * X1) * (1.0505617857 * X1))) * exp(((-0.2883096933) * X2)))))
9;inf;((2.2059288025 * X1) * (exp((((-0.0233585816) * X1) * (1.0505617857 * X1))) * exp(((-0.2633341849) * X2))))
11;inf;((exp((0.0821434408 * X2)) + (((-0.0313726850) * X1) * (0.7134178877 * X1))) * (exp(((-0.3908242583) * X2)) * (0.5921862125 * X1)))
6;nan;((log(abs((0.0004202380 * X1))) + (0.8329790235 * X2)) * ((-0.2475721538) * X1))
5;inf;((0.8762766719 ^ (2.1524052620 * X2)) * (2.1705465317 * X1))
4;inf;((2.1994860172 * X1) * exp(((-0.2623896897) * X2)))
3;47.6502717890206;sqrt(exp(((-0.0363670923) * X1)))
2;47.65157653895911;exp(((-0.0191807076) * X1))
16;nan;((7.2247242928 + (0.2913901210 * X1)) + ((((((-0.0589013845) * X1) * (0.7282894254 * X1)) * (1.3827095032 * X1)) + (2.5999298096 * X1)) * (exp(((-0.2740367651) * X2)) + ((-0.0220252238) * X2))))
15;inf;(((exp((0.0767030045 * X2)) + (((-0.0302257463) * X1) * (0.7010098696 * X1))) * ((2.9174599648 * X1) * (exp(((-0.3604637086) * X2)) + ((-0.0021156233) * X2)))) + 7.2736086845)
13;inf;(7.2365269661 + (exp(((-0.3775146604) * X2)) * ((2.9711184502 * X1) * (exp((0.0765554532 * X2)) + (((-0.0240482967) * X1) * (0.8809100389 * X1))))))
8;nan;((2.2006139755 * X1) * (log(abs(log(abs((0.0241866428 * X1))))) * exp(((-0.2630032897) * X2))))
18;nan;((((exp((0.9545415640 * X2)) + ((((-8.9077968597) * X1) + exp((0.0031153995 * X1))) * (0.3790642023 * X1))) * (0.0164508503 * X1)) + (2.7862999439 * X1)) * (exp((0.1356069744 * X2)) + ((-0.3666882515) * X2)))
17;nan;((7.2721052170 + (0.2907135189 * X1)) + (((exp((((-0.0078696953) * X1) * (0.8505083919 * X1))) * (9.6757297516 * X1)) + ((-7.0463371277) * X1)) * (exp(((-0.2748995125) * X2)) + ((-0.0219356939) * X2))))
7;nan;(((-0.8082255721) * X1) * (log(abs(((-0.0245345272) * X1))) * exp(((-0.2633341849) * X2))))
14;nan;exp(((0.0087775951 * X1) * ((exp(((-0.2883096933) * X2)) + (((-0.0361370556) * X1) * (exp(((-0.3775146604) * X2)) * (0.5921862125 * X1)))) + ((-0.0023384835) * X2))))
20;nan;(7.2380619049 + ((((exp((0.9543550014 * X2)) + ((((-11.3308286667) * X1) + exp(0.4842636883)) * (0.3028599918 * X1))) * (0.0161634404 * X1)) + (2.7846758366 * X1)) * (exp((0.1352599263 * X2)) + ((-0.3657699823) * X2))))
1;8.431478071559875;7.2774162292
12;inf;((exp(((-0.3790599406) * X2)) * (0.5921862125 * X1)) * ((((-0.0039767781) * X1) * (4.0649867058 * X1)) + (0.7378491759 + (0.0814205185 * X2))))
19;nan;(7.2366561890 + ((((exp((0.9519582391 * X2)) + ((((-3.7456448078) * X1) + (0.3560475111 * X2)) * (0.8683642745 * X1))) * (0.0167024098 * X1)) + (2.7880012989 * X1)) * (exp((0.1360260248 * X2)) + ((-0.3676930964) * X2))))
10;inf;(exp((((-0.0313726850) * X1) * (0.7134178877 * X1))) * ((2.8292748928 * X1) * (1.1114709377 ^ ((-2.6703698635) * X2))))
9;inf;(exp((((-0.0233585816) * X1) * (1.0505617857 * X1))) * ((2.1372265816 * X1) * exp(((-0.2882546186) * X2))))
11;inf;((exp((0.0876854956 * X2)) + (((-0.0307367910) * X1) * (0.6925110221 * X1))) * ((2.8292748928 * X1) * exp(((-0.3790599406) * X2))))
6;nan;(((-0.2431689501) * X1) * (log(abs((0.0003727376 * X1))) + (0.8488756418 * X2)))
5;inf;exp(((0.0243175812 * X1) * exp(((-0.2808545530) * X2))))
4;inf;((2.1683678627 * X1) * exp(((-0.2623441219) * X2)))
3;inf;exp(exp((0.0042208666 * X1)))
2;inf;exp((0.0095227882 * X1))
16;nan;((7.2353792191 + (0.2921212614 * X1)) + ((((((-0.0589013845) * X1) * (0.7282894254 * X1)) * (1.3827095032 * X1)) + (2.5999298096 * X1)) * (exp(((-0.2740367651) * X2)) + ((-0.0220252238) * X2))))
15;inf;(((exp((0.0758366957 * X2)) + (((-0.0308879260) * X1) * (0.6851285100 * X1))) * ((2.9160852432 * X1) * (exp(((-0.3592368066) * X2)) + ((-0.0021454073) * X2)))) + 7.2736258507)
13;inf;((exp((0.0797036216 * X2)) + (((-0.0305086914) * X1) * (0.7353974581 * X1))) * ((2.9226701260 * X1) * (exp(((-0.3647457957) * X2)) + ((-0.0019945460) * X2))))
8;nan;(log(abs(log(abs(((-0.0241540167) * X1))))) * ((2.1994860172 * X1) * exp(((-0.2623896897) * X2))))
18;nan;((((exp((0.9545415640 * X2)) + ((((-8.9077968597) * X1) + exp((0.0767030045 * X2))) * (0.3790642023 * X1))) * (0.0161185618 * X1)) + (2.7839138508 * X1)) * (exp((0.1351264417 * X2)) + ((-0.3654118776) * X2)))
17;nan;(((0.2926333547 * X1) + 7.2721352577) + ((((((-0.0589321814) * X1) * (0.7282894254 * X1)) * (1.3827095032 * X1)) + (2.5995450020 * X1)) * ((0.7292486429 ^ (0.8685116768 * X2)) + ((-0.0220402367) * X2))))
7;nan;(log(abs(((-0.0251776297) * X1))) * (((-0.8133020401) * X1) * exp(((-0.2623789907) * X2))))
14;nan;exp(((0.0018202404 * X1) * (((0.0068910639 * X1) * ((((-3.1301636696) * X1) + (0.3024113774 * X2)) * exp(((-0.3853346407) * X2)))) + exp(((-0.3030254841) * X2)))))
20;nan;(7.2477631569 + ((((exp((0.9411455393 * X2)) + ((((-10.1975049973) * X1) + exp((0.2190447301 * X1))) * (0.3229115605 * X1))) * (0.0172915235 * X1)) + (2.7825548649 * X1)) * (exp((0.1353840828 * X2)) + ((-0.3660041988) * X2))))
1;8.4303722793277;7.2548694611
12;inf;(((3.1717767715 * X1) * exp(((-0.3834348619) * X2))) * ((((-0.0218101759) * X1) * (0.8775165677 * X1)) + (0.8718701005 + (0.1010827944 * X2))))
19;nan;(7.2453203201 + ((((exp((0.9495205879 * X2)) + ((1.2745158672 + ((-8.3481664658) * X1)) * (0.4151716232 * X1))) * (0.0157267693 * X1)) + (2.7792484760 * X1)) * (exp((0.1344941556 * X2)) + ((-0.3637063801) * X2))))
9;inf;((2.2059288025 * X1) * (exp((((-0.0233585816) * X1) * (1.0505617857 * X1))) * exp(((-0.2624769807) * X2))))
8;nan;(log(abs(log(abs((0.0240484066 * X1))))) * (exp(((-0.2624287903) * X2)) * (2.1938834190 * X1)))
10;nan;((((((-0.0517859384) * X1) * (0.7341285944 * X1)) * (1.3708856106 * X1)) + (2.8280951977 * X1)) * exp(((-0.2900739610) * X2)))
11;nan;((0.0087775951 * X1) * (exp(((-0.2883096933) * X2)) + (((-0.0361370556) * X1) * (exp(((-0.3604637086) * X2)) * (0.5921862125 * X1)))))
5;inf;exp(((0.0087775951 * X1) * exp(((-0.2879171968) * X2))))
4;inf;((2.6529657841 * X1) * exp(((-0.2617087364) * X2)))
3;inf;exp(exp((0.0043091183 * X1)))
2;inf;exp((0.0097782081 * X1))
15;inf;(((exp((0.0797036216 * X2)) + (((-0.0307367910) * X1) * (0.6925110221 * X1))) * ((2.9226701260 * X1) * (exp(((-0.3647457957) * X2)) + ((-0.0019945460) * X2)))) + 7.2735195160)
7;nan;(log(abs((0.0251210500 * X1))) * (((-0.8092545271) * X1) * exp(((-0.2622330487) * X2))))
18;nan;((((exp((0.9545415640 * X2)) + ((((-8.9077968597) * X1) + exp((0.0767030045 * X2))) * (0.3790642023 * X1))) * (0.0164508503 * X1)) + (2.7862999439 * X1)) * (exp((0.1355414540 * X2)) + ((-0.3666882515) * X2)))
16;nan;((7.2475051880 + (0.2923847139 * X1)) + ((((((-0.0722621530) * X1) * (0.7341285944 * X1)) * (1.3937953711 * X1)) + (3.2399933338 * X1)) * (exp(((-0.2405882031) * X2)) + (-0.2016023248))))
13;inf;(((exp((0.0767030045 * X2)) + (((-0.0302257463) * X1) * (0.7010098696 * X1))) * ((2.9174599648 * X1) * exp(((-0.3732509315) * X2)))) + 7.2736086845)
6;nan;(((-0.2775057554) * X1) * (log(abs(((-0.0008084263) * X1))) + (0.7401685119 * X2)))
14;inf;(((2.9735839367 * X1) * exp(((-0.3900032640) * X2))) * ((((-0.0703677386) * X1) * ((0.3052884042 * X1) * exp(((-0.0071490183) * X1)))) + exp((0.0876854956 * X2))))
20;nan;(7.2469906807 + ((((exp((0.9509156942 * X2)) + ((((-8.8606023788) * X1) + exp(((-0.1959139854) * X1))) * (0.3785683513 * X1))) * (0.0159627162 * X1)) + (2.7798061371 * X1)) * (exp((0.1347964704 * X2)) + ((-0.3645216823) * X2))))
1;10.118630829456801;5.9422230721
12;inf;(((2.8292748928 * X1) * exp(((-0.3738808334) * X2))) * ((((-0.0291151013) * X1) * (0.7071067691 * X1)) + (1.0307340622 + (0.0958823487 * X2))))
19;nan;(7.2368855476 + ((((exp((0.9448904991 * X2)) + ((((-4.0451369286) * X1) + (0.3808519542 * X2)) * (0.8225130439 * X1))) * (0.0165552683 * X1)) + (2.7777338028 * X1)) * (exp((0.1347460896 * X2)) + ((-0.3645976484) * X2))))
9;inf;(exp((((-0.0233585816) * X1) * (1.0505617857 * X1))) * ((2.9214611053 * X1) * exp(((-0.2617087364) * X2))))
8;nan;(((-0.9283998013) * X1) * (log(abs(log(abs((0.0239652786 * X1))))) * exp(((-0.2883096933) * X2))))
10;inf;(exp((((-0.0233585816) * X1) * (0.9316470027 * X1))) * ((2.9214611053 * X1) * (0.7292486429 ^ (0.8685116768 * X2))))
11;inf;(((3.7591018677 * X1) * exp(((-0.3819231391) * X2))) * (exp((0.0821434408 * X2)) + (((-0.0316601060) * X1) * (0.7202248573 * X1))))
5;inf;exp(((0.0249172412 * X1) * exp(((-0.2809258699) * X2))))
4;inf;((2.0463860035 * X1) * exp(((-0.2879171968) * X2)))
3;29.2542203521954;exp(exp(((-0.0092371562) * X1)))
2;inf;exp((0.0103438571 * X1))
15;nan;(7.2378172874 + ((exp((0.0758366957 * X2)) + (((-0.0302257463) * X1) * (0.7010098696 * X1))) * ((2.9174599648 * X1) * (exp(((-0.3604637086) * X2)) + ((-0.0021156233) * X2)))))
7;nan;((exp(((-0.2627092302) * X2)) * ((-0.7993355393) * X1)) * log(abs(((-0.0243202522) * X1))))
18;nan;((((exp((0.9533671737 * X2)) + ((((-10.3527259827) * X1) + exp((0.1356069744 * X2))) * (0.3247889280 * X1))) * (0.0164832361 * X1)) + (2.7859561443 * X1)) * (exp((0.1356204748 * X2)) + ((-0.3665064871) * X2)))
16;nan;(7.2368493080 + ((0.2933468819 * X1) + ((((((-0.0589013658) * X1) * (0.7282894254 * X1)) * (1.3827095032 * X1)) + (2.6010987759 * X1)) * (exp(((-0.2742309570) * X2)) + ((-0.0220252238) * X2)))))
13;inf;((exp((0.0767030045 * X2)) + (((-0.0313726850) * X1) * (0.7134178877 * X1))) * ((2.9174599648 * X1) * (exp(((-0.3604637086) * X2)) + ((-0.0021156233) * X2))))
6;nan;(((-0.2637412250) * X1) * (log(abs(((-0.0005956171) * X1))) + (0.7820614576 * X2)))
14;nan;(((2.9735839367 * X1) * exp(((-0.3909119368) * X2))) * ((((-0.0703677386) * X1) * ((0.3052884042 * X1) * exp(((-0.0071490183) * X1)))) + exp((0.0876854956 * X2))))
20;nan;(7.2378172874 + ((((exp((0.9533671737 * X2)) + ((((-10.3527259827) * X1) + exp((0.0767030045 * X2))) * (0.3247889280 * X1))) * (0.0164832361 * X1)) + (2.7859561443 * X1)) * (exp((0.1355414540 * X2)) + ((-0.3665064871) * X2))))
1;8.540826006775218;6.9090108871
12;inf;(((0.8493907452 + (0.0993950740 * X2)) + (((-0.0221011285) * X1) * (0.8442199230 * X1))) * ((3.2540581226 * X1) * exp(((-0.3838577867) * X2))))
19;nan;((((exp((0.9533671737 * X2)) + ((((-10.3527259827) * X1) + sqrt(exp(((-0.0073548104) * X1)))) * (0.3247889280 * X1))) * (0.0164832361 * X1)) + (2.7859561443 * X1)) * (exp((0.1355414540 * X2)) + ((-0.3665064871) * X2)))
10;47.33653217432254;exp(((0.0087775951 * X1) * (exp((((-0.0277887378) * X1) * (0.7685834765 * X1))) * exp(((-0.2756823301) * X2)))))
9;inf;(exp(((0.6884340048 * X1) * ((-0.0311254989) * X1))) * (exp(((-0.2743588984) * X2)) * (2.0466647148 * X1)))
11;inf;(((3.7591018677 * X1) * exp(((-0.3819231391) * X2))) * (exp((0.0821434408 * X2)) + (((-0.0310992226) * X1) * (0.7341285944 * X1))))
6;nan;((log(abs(((-0.0003836085) * X1))) + (0.8436932564 * X2)) * ((-0.2442543358) * X1))
5;inf;exp(((0.0087775951 * X1) * exp(((-0.2882546186) * X2))))
4;inf;((2.0453228951 * X1) * exp(((-0.2882546186) * X2)))
3;inf;exp(exp((0.0046359277 * X1)))
2;47.66979017171274;exp(((-0.0206951387) * X1))
16;nan;(((0.2933468819 * X1) + ((((((-0.0589013845) * X1) * (0.7282894254 * X1)) * (1.3827095032 * X1)) + (2.5999298096 * X1)) * (exp(((-0.2742309570) * X2)) + ((-0.0220252238) * X2)))) + 7.2736258507)
15;inf;(7.2378172874 + ((exp((0.0767030045 * X2)) + (((-0.0291151013) * X1) * (0.7341285944 * X1))) * ((2.9174599648 * X1) * (exp(((-0.3604637086) * X2)) + ((-0.0021156233) * X2)))))
13;inf;((0.0087775951 * X1) * (((0.0402186736 * X1) * ((((-0.5357990265) * X1) + 0.0823313817) * exp(((-0.3725664914) * X2)))) + exp(((-0.3039087951) * X2))))
8;nan;(log(abs(log(abs((0.0239882395 * X1))))) * ((2.1705977917 * X1) * exp(((-0.2612865269) * X2))))
18;nan;((((exp((0.9533671737 * X2)) + ((((-10.3527259827) * X1) + exp(((-0.0025281110) * X1))) * (0.3247889280 * X1))) * (0.0164832361 * X1)) + (2.7859561443 * X1)) * (exp((0.1355414540 * X2)) + ((-0.3665064871) * X2)))
17;inf;((((((-0.0316601060) * X1) * (0.7202248573 * X1)) + exp(((-0.0010346028) * X1))) * ((2.6003210545 * X1) * (exp(((-0.2820800245) * X2)) + ((-0.0220027976) * X2)))) + (7.2473578453 + (0.2917432785 * X1)))
7;nan;(log(abs(((-0.0238761436) * X1))) * (((-0.7938609123) * X1) * exp(((-0.2630034387) * X2))))
14;nan;exp(((0.0087775951 * X1) * (((0.0079055270 * X1) * ((((-2.7327327728) * X1) + (0.0797036216 * X2)) * exp(((-0.3941689134) * X2)))) + exp(((-0.3033444881) * X2)))))
20;nan;(((-0.0034543315) * X1) + ((((exp((0.9556934834 * X2)) + ((((-8.8480443954) * X1) + exp(((-0.1945338547) * X1))) * (0.3772039711 * X1))) * (0.0162053797 * X1)) + (2.7859561443 * X1)) * (exp((0.1355414540 * X2)) + ((-0.3665064871) * X2))))
1;8.735608329733305;6.6889801025
12;inf;((exp(((-0.3775146604) * X2)) * (0.5921862125 * X1)) * ((((-0.0300624706) * X1) * (0.7341285944 * X1)) + (0.9994562268 + (0.1096093655 * X2))))
18;nan;((((exp((0.9533671737 * X2)) + ((((-10.3527259827) * X1) + exp((0.0033232940 * X1))) * (0.3247889280 * X1))) * (0.0164832361 * X1)) + (2.7859561443 * X1)) * (exp((0.1355414540 * X2)) + ((-0.3665064871) * X2)))
8;nan;(log(abs(log(abs((0.0235024262 * X1))))) * ((2.1704721451 * X1) * exp(((-0.2624769807) * X2))))
7;nan;(log(abs(((-0.0238535367) * X1))) * (((-0.7929975986) * X1) * exp(((-0.2628173232) * X2))))
9;60.79187527292642;((0.0137454271 * X1) * (exp((((-0.0290525537) * X1) * (0.7358193398 * X1))) * exp(((-0.2756676972) * X2))))
10;nan;((((((-3.5991084576) * X1) * (0.9034623504 * X1)) * (0.0130052734 * X1)) + (2.5781145096 * X1)) * exp(((-0.2754973769) * X2)))
4;7.085156759211835e+72;(exp(((-0.2586866915) * X2)) * (1.3786967993 * X1))
3;inf;exp(exp((0.0047640186 * X1)))
2;47.693058301017345;exp(((-0.0215264708) * X1))
13;nan;sqrt(exp(((0.0087775951 * X1) * ((((-0.0361370556) * X1) * (exp(((-0.3775146604) * X2)) * (0.5921862125 * X1))) + exp(((-0.3033444881) * X2))))))
11;inf;((exp((0.0797036216 * X2)) + (((-0.0277887378) * X1) * (0.7071067691 * X1))) * ((2.9174599648 * X1) * exp(((-0.3790599406) * X2))))
6;nan;(((-0.2766990662) * X1) * (log(abs(((-0.0007920111) * X1))) + (0.7421435118 * X2)))
16;47.34933826041429;exp(((0.0087775951 * X1) * ((exp(((-0.2357506901) * X2)) + (((-0.0332634524) * X1) * ((exp((0.1354154050 * X2)) + ((-0.3661866784) * X2)) * (0.5921862125 * X1)))) + ((-0.0149834342) * X2))))
15;inf;((0.0087775951 * X1) * ((exp(((-0.2405882031) * X2)) + (((-0.0305086914) * X1) * ((exp(((-0.2154869139) * X2)) + ((-0.0393074155) * X2)) * (0.5921862125 * X1)))) + ((-0.0149834342) * X2)))
5;inf;exp(((0.0087775951 * X1) * exp(((-0.2883096933) * X2))))
14;nan;(((2.9735839367 * X1) * exp(((-0.3900032640) * X2))) * ((((-0.0703677386) * X1) * ((0.3052884042 * X1) * exp(((-0.0101319579) * X1)))) + exp((0.0876854956 * X2))))
20;nan;(7.2497830391 + ((((exp((0.9538245797 * X2)) + ((((-8.0582866669) * X1) + exp(((-0.0016753450) * X1))) * (0.4171480238 * X1))) * (0.0165226385 * X1)) + (2.7860922813 * X1)) * (exp((0.1356204748 * X2)) + ((-0.3667160869) * X2))))
1;8.435361903345402;7.1697516441
12;inf;(((2.8292748928 * X1) * exp(((-0.3773337901) * X2))) * (((0.0124165639 * X1) * ((-1.6596354246) * X1)) + (1.0307340622 + (0.0958823487 * X2))))
18;nan;((((exp((0.9533671737 * X2)) + ((((-10.3527259827) * X1) + exp((0.0150981508 * X1))) * (0.3247889280 * X1))) * (0.0164832361 * X1)) + (2.7859561443 * X1)) * (exp((0.1355414540 * X2)) + ((-0.3665064871) * X2)))
9;inf;((2.2059288025 * X1) * (exp((((-0.0277887378) * X1) * (0.7685834765 * X1))) * exp(((-0.2756823301) * X2))))
8;nan;(log(abs(log(abs((0.0234656297 * X1))))) * ((2.1683678627 * X1) * exp(((-0.2623441219) * X2))))
10;nan;((((((-0.0517859384) * X1) * (0.7341285944 * X1)) * (1.3708856106 * X1)) + (2.8285975456 * X1)) * exp(((-0.2595527470) * X2)))
11;nan;((exp((0.0797036216 * X2)) + (((-0.0316601060) * X1) * (0.7202248573 * X1))) * ((2.9174599648 * X1) * exp(((-0.3790599406) * X2))))
5;inf;((0.6708298326 ^ (0.7266721725 * X2)) * (1.4363836050 * X1))
4;2.0344518973263282e+69;((0.0087775951 * X1) * exp(((-0.2579400241) * X2)))
3;inf;exp(exp((0.0050051059 * X1)))
2;inf;exp((0.0119162798 * X1))
15;inf;((exp((((-0.0304609984) * X1) * (1.0505617857 * X1))) * ((2.7465970516 * X1) * (exp(((-0.2822329104) * X2)) + ((-0.0204769894) * X2)))) + (7.2722802162 + (0.2672263086 * X1)))
7;nan;(((-0.7911834121) * X1) * (log(abs(((-0.0237346850) * X1))) * exp(((-0.2626866996) * X2))))
17;nan;((exp(((-0.0050863535) * X1)) * (0.2892217934 * X1)) + ((((((-0.0571281426) * X1) * (0.7395096421 * X1)) * (1.4039921761 * X1)) + (2.6025667191 * X1)) * (exp(((-0.2787703276) * X2)) + ((-0.0219405964) * X2))))
16;nan;(((0.2926333547 * X1) + 7.2721352577) + ((((((-0.0589321814) * X1) * (0.7282894254 * X1)) * (1.3827095032 * X1)) + (2.5995450020 * X1)) * (exp(((-0.2731730938) * X2)) + ((-0.0220402367) * X2))))
13;inf;(7.2365269661 + ((exp((0.0876854956 * X2)) + (((-0.0290525537) * X1) * (0.7358193398 * X1))) * ((2.9735839367 * X1) * exp(((-0.3936681151) * X2)))))
6;nan;(((-0.2665250301) * X1) * (log(abs(((-0.0006303008) * X1))) + (0.7732754946 * X2)))
14;47.35123412980092;exp(((0.0087775951 * X1) * (((0.0068910639 * X1) * ((((-3.1301636696) * X1) + (0.3024113774 * X2)) * exp(((-0.3806998730) * X2)))) + exp(((-0.3030254841) * X2)))))
20;nan;(7.2532057762 + ((((exp((0.9551863074 * X2)) + ((((-38.9213600159) * X1) + exp((0.5215625167 * X1))) * (0.0909330472 * X1))) * (0.0162795931 * X1)) + (2.7934455872 * X1)) * (exp((0.1354589611 * X2)) + ((-0.3662976027) * X2))))
1;8.433071314348371;7.2952356339
13;inf;((exp((0.0692665800 * X2)) + (((-0.0302257463) * X1) * (0.7010098696 * X1))) * ((2.9174599648 * X1) * (exp(((-0.3604637086) * X2)) + ((-0.0021156233) * X2))))
19;nan;((((((-0.0342476331) * X1) * (0.6520295143 * X1)) + exp((0.0042208666 * X1))) * (((-0.1477699131) + (2.6018164158 * X1)) * (exp(((-0.2827689350) * X2)) + ((-0.0220190920) * X2)))) + (7.2816443443 + (0.2932454348 * X1)))
9;inf;(exp((((-0.0277887378) * X1) * (0.7685834765 * X1))) * ((1.8679370880 * X1) * exp(((-0.2734089792) * X2))))
8;nan;(log(abs(log(abs(((-0.0237485543) * X1))))) * ((2.1620140076 * X1) * exp(((-0.2611761689) * X2))))
10;inf;(exp((((-0.0203349609) * X1) * (1.0505617857 * X1))) * ((1.1256440878 ^ ((-2.3221652508) * X2)) * (2.0466647148 * X1)))
11;inf;(((-0.0626153946) * X1) * (exp(((-0.3025172353) * X2)) + (((-0.0105114523) * X1) * ((2.0463860035 * X1) * exp(((-0.3604637086) * X2))))))
4;inf;((1.7428973913 * X1) * exp(((-0.2570701540) * X2)))
3;inf;exp(exp((0.0053742714 * X1)))
2;inf;exp((0.0125569124 * X1))
14;inf;(((2.9735839367 * X1) * exp(((-0.3936681151) * X2))) * ((((-0.0703677386) * X1) * ((0.3052884042 * X1) * exp(((-0.0071490183) * X1)))) + exp((0.0876854956 * X2))))
12;inf;(((2.8292748928 * X1) * exp(((-0.3853346407) * X2))) * ((((-0.0310946237) * X1) * (0.7341285944 * X1)) + (1.0307340622 + (0.0958823487 * X2))))
7;nan;((((-0.7933912277) * X1) * exp(((-0.2622666657) * X2))) * log(abs((0.0238472987 * X1))))
18;nan;((((exp((0.9521970153 * X2)) + ((((-8.8480443954) * X1) + exp(((-0.1945338547) * X1))) * (0.3772039711 * X1))) * (0.0165552683 * X1)) + (2.7849390507 * X1)) * (exp((0.1355252117 * X2)) + ((-0.3664472103) * X2)))
16;nan;(7.2497830391 + ((0.2933468819 * X1) + ((((((-0.0589013845) * X1) * (0.7282894254 * X1)) * (1.3827095032 * X1)) + (2.5999298096 * X1)) * (exp(((-0.2731730938) * X2)) + ((-0.0220252238) * X2)))))
6;nan;(((-0.2377128899) * X1) * (log(abs((0.0003176832 * X1))) + (0.8694125414 * X2)))
15;nan;((((2.9165410995 * X1) * exp(((-0.3732509315) * X2))) * ((((-0.0300624706) * X1) * (0.7341285944 * X1)) + (exp((0.0033232940 * X1)) + (0.0921581239 * X2)))) + 7.2481713295)
20;nan;(7.2350196838 + ((((exp((0.9545415640 * X2)) + ((((-8.9077968597) * X1) + exp(((-0.0009512064) * X1))) * (0.3790642023 * X1))) * (0.0164508503 * X1)) + (2.7862999439 * X1)) * (exp((0.1356069744 * X2)) + ((-0.3666882515) * X2))))
1;8.430219169740582;7.2368855476
12;inf;(((-0.9283998013) * X1) * (exp(((-0.2883096933) * X2)) + (((-0.0361370556) * X1) * ((1.7933894396 ^ ((-0.6168442965) * X2)) * (0.5921862125 * X1)))))
19;nan;((((exp((0.9534175396 * X2)) + ((((-12.7142457962) * X1) + exp(exp((0.0821434408 * X2)))) * (0.2706352770 * X1))) * (0.0161185618 * X1)) + (2.7839138508 * X1)) * (exp((0.1351264417 * X2)) + ((-0.3654118776) * X2)))
10;nan;((((((-0.0517859384) * X1) * (0.7341285944 * X1)) * (1.3708856106 * X1)) + (2.8909838200 * X1)) * exp(((-0.2595527470) * X2)))
9;inf;(exp((((-0.0203349609) * X1) * (1.0505617857 * X1))) * ((2.9214611053 * X1) * exp(((-0.2718899846) * X2))))
11;nan;((2.0463860035 * X1) * (exp(((-0.3025172353) * X2)) + (((-0.0105114523) * X1) * ((2.2059288025 * X1) * exp(((-0.3909119368) * X2))))))
6;nan;((log(abs((0.0003500244 * X1))) + (0.8545216918 * X2)) * ((-0.2413634062) * X1))
5;inf;((1.8678754568 * X1) * (0.7488297820 ^ (0.8880243897 * X2)))
4;inf;((1.9119379520 * X1) * exp(((-0.2528980970) * X2)))
3;29.299876846185256;exp(exp(((-0.0104969228) * X1)))
2;inf;exp((0.0126332268 * X1))
16;nan;((7.2657680511 + (0.2918476760 * X1)) + ((((((-0.0602522008) * X1) * (0.7202248573 * X1)) * (1.4366738796 * X1)) + (2.6002259254 * X1)) * (exp(((-0.2826772034) * X2)) + ((-0.0219795983) * X2))))
15;inf;(((2.9724526405 * X1) * (((0.0400594771 * X1) * ((((-0.5357990265) * X1) + 0.0767498836) * exp(((-0.3888207078) * X2)))) + exp(((-0.3025172353) * X2)))) + 7.2484197617)
13;inf;((exp((0.0767030045 * X2)) + (((-0.0305086914) * X1) * (0.7353974581 * X1))) * ((2.9174599648 * X1) * (exp(((-0.3604637086) * X2)) + ((-0.0021156233) * X2))))
8;nan;(((-0.9283998013) * X1) * (log(abs(log(abs(((-0.0221093670) * X1))))) * exp(((-0.2798661888) * X2))))
18;nan;((((exp((0.9535069466 * X2)) + ((((-10.3527259827) * X1) + exp((0.0050051059 * X1))) * (0.3247889280 * X1))) * (0.0166948345 * X1)) + (2.7870161533 * X1)) * (exp((0.1357906014 * X2)) + ((-0.3671687245) * X2)))
17;inf;((((((-0.0316601060) * X1) * (0.7202248573 * X1)) + exp(((-0.0010346028) * X1))) * ((2.6003210545 * X1) * (exp(((-0.2832446694) * X2)) + ((-0.0226471554) * X2)))) + (7.2473578453 + (0.2917432785 * X1)))
7;nan;((((-0.7911316156) * X1) * exp(((-0.2621897161) * X2))) * log(abs(((-0.0237598345) * X1))))
14;47.351275725961244;exp(((0.0087775951 * X1) * (((0.0068910639 * X1) * ((((-3.1301636696) * X1) + (0.3024113774 * X2)) * exp(((-0.3790599406) * X2)))) + exp(((-0.3030254841) * X2)))))
20;nan;(7.2350196838 + ((((exp((0.9545415640 * X2)) + ((((-8.9077968597) * X1) + exp((0.0049544894 * X1))) * (0.3790642023 * X1))) * (0.0164508503 * X1)) + (2.7862999439 * X1)) * (exp((0.1355414540 * X2)) + ((-0.3665064871) * X2))))
1;10.604405521544665;5.7671008110
13;inf;((exp((0.0767030045 * X2)) + (((-0.0305086914) * X1) * (0.7353974581 * X1))) * ((2.9226701260 * X1) * (exp(((-0.3647457957) * X2)) + ((-0.0019945460) * X2))))
19;nan;(7.2380619049 + ((((exp((0.9448904991 * X2)) + ((((-4.0451369286) * X1) + (0.3808519542 * X2)) * (0.8225130439 * X1))) * (0.0164538790 * X1)) + (2.7846758366 * X1)) * (exp((0.1352599263 * X2)) + ((-0.3657699823) * X2))))
9;inf;(exp((((-0.0291151013) * X1) * (0.7341285944 * X1))) * ((2.9214611053 * X1) * exp(((-0.2798036635) * X2))))
8;nan;((2.1625280380 * X1) * (log(abs(log(abs((0.0233626775 * X1))))) * exp(((-0.2619824708) * X2))))
11;nan;((exp((0.0821434408 * X2)) + (((-0.0316601060) * X1) * (0.7202248573 * X1))) * (exp(((-0.3908242583) * X2)) * (0.5921862125 * X1)))
12;inf;(((3.0532550812 * X1) * exp(((-0.3635306954) * X2))) * ((((-0.0208939798) * X1) * (0.8388572931 * X1)) + (0.8782269955 + (0.0800489411 * X2))))
5;47.542122347912084;exp((((-0.0186167955) * X1) * exp(((-0.2758125663) * X2))))
4;inf;((1.9107980728 * X1) * exp(((-0.2528226674) * X2)))
3;inf;exp(exp((0.0059599490 * X1)))
2;inf;exp((0.0132429115 * X1))
16;nan;((7.2721347809 + (0.2926540077 * X1)) + ((((((-0.0579352304) * X1) * (0.7341285944 * X1)) * (1.3937953711 * X1)) + (2.6011440754 * X1)) * (exp(((-0.2579400241) * X2)) + ((-0.0278473552) * X2))))
7;nan;((((-0.7910024524) * X1) * exp(((-0.2620512247) * X2))) * log(abs(((-0.0237151869) * X1))))
18;nan;((((exp((0.9512109160 * X2)) + ((((-28.1198101044) * X1) + exp((0.4811296165 * X2))) * (0.1186211929 * X1))) * (0.0166153461 * X1)) + (2.7856662273 * X1)) * (exp((0.1355149746 * X2)) + ((-0.3664209843) * X2)))
17;nan;(7.2723932266 + ((((exp((0.8198145032 * X2)) + (((-1.4325711727) * X1) * (3.0356462002 * X1))) * (0.0125497822 * X1)) + (2.8203630447 * X1)) * (exp(((-0.2422093153) * X2)) + ((-0.0211461596) * X2))))
14;47.35134769466225;exp(((0.0087775951 * X1) * ((exp(((-0.2820672095) * X2)) + (((-0.0361370556) * X1) * (exp(((-0.3604637086) * X2)) * (0.5921862125 * X1)))) + ((-0.0023384835) * X2))))
6;nan;((log(abs(((-0.0008059134) * X1))) + (0.7377799153 * X2)) * ((-0.2796244621) * X1))
15;nan;(((2.9735839367 * X1) * exp(((-0.3900032640) * X2))) * ((((-0.0703677386) * X1) * ((0.3052884042 * X1) * sqrt(exp(((-0.0101319579) * X1))))) + exp((0.0876854956 * X2))))
20;nan;(7.2365269661 + ((((exp((0.9535069466 * X2)) + ((((-8.9077968597) * X1) + exp((0.2618681490 * X2))) * (0.3790642023 * X1))) * (0.0166948345 * X1)) + (2.7870161533 * X1)) * (exp((0.1351264417 * X2)) + ((-0.3654118776) * X2))))
1;8.43019674849185;7.2416219711
12;inf;((exp(((-0.3623311818) * X2)) * (0.1940669864 * X1)) * (((2.2509629726 * X1) * ((-0.1192962080) * X1)) + (13.8214578629 + (1.1665680408 * X2))))
18;nan;((((exp((0.9568626881 * X2)) + ((((-8.8824644089) * X1) + exp(((-0.0016753450) * X1))) * (0.3675619960 * X1))) * (0.0169465262 * X1)) + (2.7889368534 * X1)) * (exp((0.1362782866 * X2)) + ((-0.3683702052) * X2)))
9;60.860671057337974;(exp((((-0.0302257463) * X1) * (0.7010098696 * X1))) * ((0.0018202404 * X1) * exp(((-0.2740367651) * X2))))
8;nan;(log(abs(log(abs(((-0.0236475840) * X1))))) * ((2.1512074471 * X1) * exp(((-0.2608111501) * X2))))
10;inf;(((0.3275606036 * X1) * exp(((-0.2663732469) * X2))) * ((((-0.1795737594) * X1) * (0.7341285944 * X1)) + 7.9495491982))
11;nan;(((2.9227151871 * X1) * exp(((-0.4495271444) * X2))) * ((((-0.3218877912) * X1) * (0.0747430399 * X1)) + exp((0.1372749060 * X2))))
5;47.54363668994624;exp((((-0.0186167955) * X1) * exp(((-0.2701213360) * X2))))
4;inf;((1.9111678600 * X1) * exp(((-0.2527049184) * X2)))
3;inf;exp(exp((0.0060675903 * X1)))
2;47.70134999740641;exp(((-0.0233585816) * X1))
15;nan;((((2.9273445606 * X1) * exp(((-0.3790599406) * X2))) * ((((-0.0291151013) * X1) * (0.7341285944 * X1)) + (exp((0.0031153995 * X1)) + (0.0921581239 * X2)))) + 7.2481713295)
7;nan;(((-0.7896627784) * X1) * (log(abs((0.0235660393 * X1))) * exp(((-0.2619419992) * X2))))
17;nan;(7.2723913193 + ((((exp((0.8015965819 * X2)) + (((-1.3529193401) * X1) * (2.8832089901 * X1))) * (0.0140388804 * X1)) + (2.8224184513 * X1)) * (exp(((-0.2443664372) * X2)) + ((-0.0206859875) * X2))))
16;nan;((((-0.0275703277) * X1) + (0.2807975709 * X1)) + ((((((-0.0579697452) * X1) * (0.7345660329 * X1)) * (1.3946255445 * X1)) + (2.5991888046 * X1)) * (exp(((-0.2756823301) * X2)) + ((-0.0220247991) * X2))))
13;47.376930284600384;sqrt(exp(((0.0087775951 * X1) * ((((-0.0361370556) * X1) * (exp(((-0.3775146604) * X2)) * (0.5921862125 * X1))) + exp(((-0.3039087951) * X2))))))
6;nan;((log(abs(((-0.0002669808) * X1))) + (0.8918433189 * X2)) * ((-0.2318793535) * X1))
14;47.351319672244436;exp(((0.0087775951 * X1) * (((0.0068910639 * X1) * ((((-3.1301636696) * X1) + (0.3024113774 * X2)) * exp(((-0.3773337901) * X2)))) + exp(((-0.3030254841) * X2)))))
20;nan;(7.2350196838 + ((((exp((0.9545415640 * X2)) + ((((-8.9077968597) * X1) + exp((0.0767030045 * X2))) * (0.3790642023 * X1))) * (0.0164508503 * X1)) + (2.7862999439 * X1)) * (exp((0.1355414540 * X2)) + ((-0.3666882515) * X2))))
1;8.430196748490252;7.2416210175
12;inf;(((2.9267041683 * X1) * exp(((-0.3713086843) * X2))) * ((((-0.0294569209) * X1) * (0.7191783190 * X1)) + (0.9202187657 + (0.0861613452 * X2))))
18;nan;((((exp((0.9568626881 * X2)) + ((((-8.8824644089) * X1) + exp((0.0018202404 * X1))) * (0.3675619960 * X1))) * (0.0169465262 * X1)) + (2.7889368534 * X1)) * (exp((0.1362782866 * X2)) + ((-0.3683702052) * X2)))
9;inf;(exp((((-0.0277887378) * X1) * (0.7685834765 * X1))) * ((2.9214611053 * X1) * exp(((-0.2695591748) * X2))))
8;nan;(log(abs(log(abs((0.0235987473 * X1))))) * ((2.1465363503 * X1) * exp(((-0.2606506348) * X2))))
10;inf;((7.2721347809 + (((-0.1759525985) * X1) * (0.6851285100 * X1))) * ((0.3580045402 * X1) * exp(((-0.2662924230) * X2))))
11;inf;((exp((0.0767030045 * X2)) + (((-0.0316601060) * X1) * (0.7202248573 * X1))) * ((1.4142135382 * X1) * exp(((-0.3738808334) * X2))))
5;inf;((1.9122596979 * X1) * (0.8613668084 ^ (1.6930477619 * X2)))
4;inf;((1.9122108221 * X1) * exp(((-0.2526605129) * X2)))
3;29.31665341367632;exp(exp(((-0.0109593328) * X1)))
2;47.724398735335406;exp(((-0.0240225121) * X1))
15;nan;sqrt(exp(((0.0087775951 * X1) * (((0.0068910639 * X1) * ((((-3.1301636696) * X1) + (0.3024113774 * X2)) * exp(((-0.3806998730) * X2)))) + exp(((-0.3030254841) * X2))))))
7;nan;(((-0.7891719937) * X1) * (log(abs(((-0.0234528985) * X1))) * exp(((-0.2617439330) * X2))))
17;nan;(7.2362065315 + ((exp((0.0785065815 * X2)) + ((((-2.7327327728) * X1) + (0.2547319233 * X2)) * (0.0077731521 * X1))) * ((2.9208686352 * X1) * (exp(((-0.3629693389) * X2)) + ((-0.0020996209) * X2)))))
16;inf;(7.2718091011 + (((exp(((-0.1984099001) * X2)) + (((-0.0039121094) * X1) * ((7.7653880119 + ((-1.2711803913) * X2)) * (0.5921862125 * X1)))) + ((-0.0264635906) * X2)) * (2.7247672081 * X1)))
13;inf;((exp((0.0797036216 * X2)) + (((-0.0307367910) * X1) * (0.7341285944 * X1))) * ((2.9226701260 * X1) * (exp(((-0.3647457957) * X2)) + ((-0.0019945460) * X2))))
6;nan;(((-0.2838952541) * X1) * (log(abs(((-0.0008104520) * X1))) + (0.7362299562 * X2)))
14;nan;exp(((0.0087775951 * X1) * (((0.0400594771 * X1) * ((((-0.5357990265) * X1) + 0.0767498836) * exp(((-0.3888207078) * X2)))) + exp(((-0.3020460904) * X2)))))
20;nan;(7.2347831726 + ((((exp((0.9859874845 * X2)) + ((((-8.5482330322) * X1) + exp(((-0.0034543315) * X1))) * (0.4970983565 * X1))) * (0.0129600903 * X1)) + (2.7851557732 * X1)) * (exp((0.1339036524 * X2)) + ((-0.3623735309) * X2))))
1;8.431127860312317;7.2721347809
12;inf;(((2.8293361664 * X1) * exp(((-0.3650840819) * X2))) * ((((-0.0070482693) * X1) * (2.6666436195 * X1)) + (0.9459174275 + (0.0885554999 * X2))))
19;nan;(7.2353029251 + ((((exp((0.9448904991 * X2)) + ((((-4.0451369286) * X1) + (0.3808519542 * X2)) * (0.8225130439 * X1))) * (0.0169465262 * X1)) + (2.7889368534 * X1)) * (exp((0.1362782866 * X2)) + ((-0.3683702052) * X2))))
10;inf;((6.0622568130 + (((-0.1431645453) * X1) * (0.7010098696 * X1))) * ((0.4291875660 * X1) * exp(((-0.2660891712) * X2))))
9;inf;((2.2059288025 * X1) * (exp((((-0.0294569209) * X1) * (0.7191783190 * X1))) * exp(((-0.2787703276) * X2))))
11;inf;(((2.8292748928 * X1) * exp(((-0.3738808334) * X2))) * ((((-0.0305086914) * X1) * (0.7353974581 * X1)) + exp((0.0821434408 * X2))))
6;nan;(((-0.2112822980) * X1) * (log(abs(((-0.0001293891) * X1))) + (0.9957066178 * X2)))
5;inf;((1.9119036198 * X1) * (0.5949455500 ^ (0.4864217341 * X2)))
4;inf;((1.9119354486 * X1) * exp(((-0.2525884509) * X2)))
3;inf;(0.0036642191 ^ ((-0.0022972387) * X1))
2;inf;exp((0.0143189700 * X1))
16;nan;((7.2721009254 + (0.2906152606 * X1)) + (((log(abs(log(abs(((-0.1727031469) * X1))))) * (0.6412659883 * X1)) + (2.3032801151 * X1)) * (exp(((-0.2813561857) * X2)) + ((-0.0220171269) * X2))))
15;47.376519078828764;sqrt(exp(((0.0087775951 * X1) * (((0.0079055270 * X1) * ((((-2.7327327728) * X1) + (0.0797036216 * X2)) * exp(((-0.3941689134) * X2)))) + exp(((-0.3033444881) * X2))))))
13;inf;(((exp(((-0.2820800245) * X2)) + (((-0.0361299478) * X1) * (exp(((-0.3773337901) * X2)) * (0.5921862125 * X1)))) + ((-0.0023416358) * X2)) * (2.9333615303 * X1))
8;nan;(log(abs(log(abs(((-0.0221093670) * X1))))) * ((2.9214611053 * X1) * exp(((-0.2826772034) * X2))))
18;nan;((((exp((0.9543550014 * X2)) + ((((-11.3308286667) * X1) + exp(((-0.0150405020) * X2))) * (0.3028599918 * X1))) * (0.0161634404 * X1)) + (2.7846758366 * X1)) * (exp((0.1352599263 * X2)) + ((-0.3657699823) * X2)))
17;nan;((exp((0.0150981508 * X1)) + (0.2892217934 * X1)) + ((((((-0.0571281426) * X1) * (0.7395096421 * X1)) * (1.4039921761 * X1)) + (2.6025667191 * X1)) * (exp(((-0.2759624124) * X2)) + ((-0.0219405964) * X2))))
7;nan;(((-0.7803933024) * X1) * (log(abs(((-0.0230145585) * X1))) * exp(((-0.2620389760) * X2))))
14;nan;((((2.8292748928 * X1) * exp(((-0.3738808334) * X2))) * ((((-0.0300624706) * X1) * (0.7341285944 * X1)) + (1.0307340622 + (0.0958823487 * X2)))) + 7.2737975121)
20;nan;(7.2378172874 + ((((exp((0.9538245797 * X2)) + ((((-10.3527259827) * X1) + exp((0.0000354467 * X1))) * (0.3247889280 * X1))) * (0.0164832361 * X1)) + (2.7859561443 * X1)) * (exp((0.1355414540 * X2)) + ((-0.3665064871) * X2))))
1;9.38739915263054;8.2199878693
13;inf;((0.0249172412 * X1) * (exp(((-0.3025172353) * X2)) + (((-0.0361370556) * X1) * ((exp(((-0.3647457957) * X2)) + ((-0.0019945460) * X2)) * (0.5921862125 * X1)))))
19;nan;((((exp((0.9457321763 * X2)) + ((((-12.5368576050) * X1) + sqrt(exp((0.0029656850 * X1)))) * (0.2539889812 * X1))) * (0.0174621139 * X1)) + (2.7858333588 * X1)) * (exp((0.1359701604 * X2)) + ((-0.3675909638) * X2)))
9;inf;(exp((((-0.0290525537) * X1) * (0.7358193398 * X1))) * ((2.9214611053 * X1) * exp(((-0.2820672095) * X2))))
8;nan;((2.2059288025 * X1) * (log(abs(log(abs((0.0344631933 * X1))))) * exp(((-0.2638953328) * X2))))
11;inf;(((2.9036712646 * X1) * exp(((-0.4412002563) * X2))) * ((((-0.0149116069) * X1) * (1.5650551319 * X1)) + exp((0.1358262599 * X2))))
12;inf;(((2.8292748928 * X1) * exp(((-0.3604637086) * X2))) * ((((-0.0290525537) * X1) * (0.7358193398 * X1)) + (1.0307340622 + (0.0958823487 * X2))))
5;inf;((0.7404273748 ^ (0.8404333591 * X2)) * (1.9119179249 * X1))
4;inf;((1.9118883610 * X1) * exp(((-0.2525695264) * X2)))
3;47.71245727882596;(1.0468610525 ^ ((-0.5036791563) * X1))
2;47.71511094410679;exp(((-0.0245345272) * X1))
16;47.348407411881;exp(((0.0087775951 * X1) * ((exp(((-0.2405882031) * X2)) + (((-0.0305086914) * X1) * ((exp(((-0.2154869139) * X2)) + ((-0.0393074155) * X2)) * (0.5921862125 * X1)))) + ((-0.0149834342) * X2))))
7;nan;(log(abs(((-0.0231130030) * X1))) * (((-0.7836545706) * X1) * exp(((-0.2614826262) * X2))))
18;nan;((((exp((0.9534175396 * X2)) + ((((-12.7142457962) * X1) + exp((0.0031153995 * X1))) * (0.2706352770 * X1))) * (0.0161185618 * X1)) + (2.7839138508 * X1)) * (exp((0.1351264417 * X2)) + ((-0.3654118776) * X2)))
17;nan;((((exp((0.9533671737 * X2)) + ((((-10.3527259827) * X1) + (0.7446176410 * X1)) * (0.3247889280 * X1))) * (0.0164832361 * X1)) + (2.7859561443 * X1)) * (exp((0.1355414540 * X2)) + ((-0.3665064871) * X2)))
14;47.35142185330524;exp(((0.0087775951 * X1) * (((0.0402186736 * X1) * ((((-0.5357990265) * X1) + 0.0823313817) * exp(((-0.3936681151) * X2)))) + exp(((-0.3039087951) * X2)))))
6;nan;(((-0.2110789865) * X1) * (log(abs(((-0.0001287351) * X1))) + (0.9956139922 * X2)))
15;nan;((((2.9174599648 * X1) * exp(((-0.3775146604) * X2))) * ((((-0.0300624706) * X1) * (0.7341285944 * X1)) + (exp((0.0033232940 * X1)) + (0.0921581239 * X2)))) + 7.2481713295)
20;nan;(7.2478857040 + ((((exp((0.9434020519 * X2)) + ((((-25.7675075531) * X1) + exp((0.4684787095 * X2))) * (0.1247091517 * X1))) * (0.0172579903 * X1)) + (2.7831766605 * X1)) * (exp((0.1355506331 * X2)) + ((-0.3664632142) * X2))))
1;8.430196748490134;7.2416205406
14;47.35155259910803;exp(((0.0087775951 * X1) * (((0.0402186736 * X1) * ((((-0.5357990265) * X1) + 0.0823313817) * exp(((-0.3888703883) * X2)))) + exp(((-0.3039087951) * X2)))))
19;nan;((((exp((0.9534175396 * X2)) + ((((-12.7142457962) * X1) + exp(exp((0.1356204748 * X2)))) * (0.2706352770 * X1))) * (0.0161185618 * X1)) + (2.7839138508 * X1)) * (exp((0.1351264417 * X2)) + ((-0.3654118776) * X2)))
9;inf;(exp((((-0.0322949439) * X1) * (0.6530527472 * X1))) * ((2.6447501183 * X1) * exp(((-0.2718899846) * X2))))
8;nan;(((-0.9283998013) * X1) * (log(abs(log(abs(((-0.0307196695) * X1))))) * exp(((-0.3030254841) * X2))))
11;nan;(((-0.0626153946) * X1) * (exp(((-0.3039087951) * X2)) + (((-0.0105114523) * X1) * ((2.0463860035 * X1) * exp(((-0.3604637086) * X2))))))
12;inf;((exp(exp((0.0692665800 * X2))) + (((-0.0496151261) * X1) * (1.1590952873 * X1))) * ((1.0799709558 * X1) * exp(((-0.3909119368) * X2))))
4;inf;((1.9110425711 * X1) * exp(((-0.2523351014) * X2)))
3;inf;(0.9530791640 ^ ((-0.2795975804) * X1))
2;47.734329142803226;exp(((-0.0248220861) * X1))
15;47.37626346702652;sqrt(exp(((0.0087775951 * X1) * (((0.0402186736 * X1) * ((((-0.5357990265) * X1) + 0.0823313817) * exp(((-0.3936681151) * X2)))) + exp(((-0.3039087951) * X2))))))
13;inf;((2.0463860035 * X1) * (exp(((-0.3025172353) * X2)) + (((-0.0363670923) * X1) * ((exp(((-0.3647457957) * X2)) + ((-0.0019945460) * X2)) * (0.5921862125 * X1)))))
7;nan;(log(abs(((-0.0229842886) * X1))) * (((-0.7819790840) * X1) * exp(((-0.2613649964) * X2))))
18;nan;((((exp((0.9538245797 * X2)) + ((((-8.0582866669) * X1) + exp((0.3985422552 * X2))) * (0.4171480238 * X1))) * (0.0165226385 * X1)) + (2.7860922813 * X1)) * (exp((0.1356204748 * X2)) + ((-0.3667160869) * X2)))
17;nan;((((((-0.0310946237) * X1) * (0.7341285944 * X1)) + exp((0.0084726354 * X1))) * ((2.6005446911 * X1) * (exp(((-0.2826772034) * X2)) + ((-0.0221093670) * X2)))) + (7.2274956703 + (0.2927019596 * X1)))
6;nan;((log(abs(((-0.0034543315) * X1))) + (0.6378990412 * X2)) * ((-0.3172379136) * X1))
16;nan;((7.2657680511 + (0.2918476760 * X1)) + ((((((-0.0602522008) * X1) * (0.7202248573 * X1)) * (1.4366738796 * X1)) + (2.6002259254 * X1)) * (exp(((-0.2759695649) * X2)) + ((-0.0219795983) * X2))))
20;nan;(7.2480592728 + ((((exp((0.9501401186 * X2)) + ((((-26.3633689880) * X1) + exp((0.4722153842 * X2))) * (0.1255398691 * X1))) * (0.0167941749 * X1)) + (2.7859063148 * X1)) * (exp((0.1356242448 * X2)) + ((-0.3667028844) * X2))))
1;11.620564678189286;5.4554605484
14;inf;((((2.8292748928 * X1) * exp(((-0.3738808334) * X2))) * ((((-0.0305086914) * X1) * (0.7353974581 * X1)) + (1.0307340622 + (0.0958823487 * X2)))) + 7.2737975121)
19;nan;((((exp((0.9534175396 * X2)) + ((((-12.7142457962) * X1) + exp(exp(((-0.2822305858) * X2)))) * (0.2706352770 * X1))) * (0.0161185618 * X1)) + (2.7839138508 * X1)) * (exp((0.1351264417 * X2)) + ((-0.3654118776) * X2)))
9;66.88097564282418;(((-0.9283998013) * X1) * (exp((((-0.0251936838) * X1) * (1.0505617857 * X1))) * exp(((-0.2622030973) * X2))))
8;nan;(log(abs(log(abs(((-0.0250350088) * X1))))) * ((2.9214611053 * X1) * exp(((-0.3025172353) * X2))))
11;nan;(((2.7864265442 * X1) * exp(((-0.3888207078) * X2))) * ((((-0.0292253103) * X1) * (0.7569627762 * X1)) + exp((0.0767030045 * X2))))
12;inf;(((2.8639354706 * X1) * exp(((-0.3889685273) * X2))) * ((((-0.0247589834) * X1) * (0.8581523895 * X1)) + (0.9605819583 + (0.1229698956 * X2))))
4;inf;((1.9108171463 * X1) * exp(((-0.2521620393) * X2)))
3;inf;exp(exp((0.0069027003 * X1)))
2;inf;exp((0.0150981508 * X1))
15;28.775191009481862;exp(exp(((0.0087775951 * X1) * (((0.0079055270 * X1) * ((((-2.7327327728) * X1) + (0.0797036216 * X2)) * exp(((-0.3941689134) * X2)))) + exp(((-0.3033444881) * X2))))))
13;inf;((0.0018202404 * X1) * (((0.0068910639 * X1) * ((((-3.1301636696) * X1) + (0.7580727339 * X2)) * exp(((-0.3853346407) * X2)))) + exp(((-0.3025172353) * X2))))
7;nan;(((-0.9283998013) * X1) * (log(abs(((-0.0307196695) * X1))) * exp(((-0.2570610046) * X2))))
18;nan;((((exp((0.9533671737 * X2)) + ((((-10.3527259827) * X1) + exp((0.0150981508 * X1))) * (0.3247889280 * X1))) * (0.0164832361 * X1)) + (2.7859561443 * X1)) * (exp((0.1355414540 * X2)) + ((-0.3666882515) * X2)))
17;nan;((((exp((0.9545415640 * X2)) + ((((-8.9077968597) * X1) + (0.7010098696 * X1)) * (0.3790642023 * X1))) * (0.0164508503 * X1)) + (2.7862999439 * X1)) * (exp((0.1356069744 * X2)) + ((-0.3666882515) * X2)))
6;nan;(((-0.2170598954) * X1) * (log(abs((0.0001653550 * X1))) + (0.9556912184 * X2)))
16;inf;(((exp(exp((0.0692665800 * X2))) + (((-0.0496151261) * X1) * (1.1590952873 * X1))) * ((1.0799709558 * X1) * (exp(((-0.3594311178) * X2)) + ((-0.0034191958) * X2)))) + 7.2732367516)
20;nan;(7.2716226578 + ((((exp((0.9521970153 * X2)) + ((((-8.8480443954) * X1) + exp(((-0.1945338547) * X1))) * (0.3772039711 * X1))) * (0.0165552683 * X1)) + (2.7849390507 * X1)) * (exp((0.1355252117 * X2)) + ((-0.3664472103) * X2))))
1;8.430253361004654;7.2340965271
14;47.35215247744677;exp(((0.0087775951 * X1) * ((exp(((-0.2883096933) * X2)) + (((-0.0361370556) * X1) * (exp(((-0.3604637086) * X2)) * (0.5921862125 * X1)))) + ((-0.0023384835) * X2))))
19;nan;((((((-0.0300624706) * X1) * (0.7341285944 * X1)) + exp((0.0042213933 * X1))) * (((-0.1477456242) + (2.6018462181 * X1)) * (exp(((-0.2827808857) * X2)) + ((-0.0220168326) * X2)))) + (7.2816333771 + (0.2932499945 * X1)))
9;inf;(exp((((-0.0308879260) * X1) * (0.6851285100 * X1))) * ((2.9214611053 * X1) * exp(((-0.2695591748) * X2))))
8;nan;(((-0.9283998013) * X1) * (log(abs(((-0.0307196695) * X1))) * (1.1256440878 ^ ((-2.3221652508) * X2))))
11;nan;(((-0.8082255721) * X1) * (exp(((-0.2882872224) * X2)) + (((-0.0361647531) * X1) * (exp(((-0.3770682216) * X2)) * (0.5921862125 * X1)))))
12;47.35081674733963;exp(((0.0087775951 * X1) * (exp(((-0.2883096933) * X2)) + (((-0.0361370556) * X1) * (exp(((-0.3775146604) * X2)) * (0.5921862125 * X1))))))
5;inf;((1.9102059603 * X1) * (0.8325175047 ^ (1.3750934601 * X2)))
4;inf;((1.9102580547 * X1) * exp(((-0.2520555854) * X2)))
2;47.72278324881124;exp(((-0.0251936838) * X1))
15;28.77328086349041;exp(exp(((0.0087775951 * X1) * (((0.0079055270 * X1) * ((((-2.7327327728) * X1) + (0.2609191537 * X2)) * exp(((-0.3941689134) * X2)))) + exp(((-0.3033444881) * X2))))))
13;inf;((0.0087775951 * X1) * ((exp(((-0.2753113806) * X2)) + (((-0.0361370556) * X1) * (exp(((-0.3604637086) * X2)) * (0.5921862125 * X1)))) + ((-0.0023384835) * X2)))
7;nan;(log(abs(((-0.0229293592) * X1))) * (((-0.7889521718) * X1) * exp(((-0.2607956827) * X2))))
18;nan;((((exp((0.9538245797 * X2)) + ((((-8.0582866669) * X1) + exp(((-0.2731730938) * X2))) * (0.4171480238 * X1))) * (0.0165226385 * X1)) + (2.7860922813 * X1)) * (exp((0.1356204748 * X2)) + ((-0.3667160869) * X2)))
17;nan;((exp((0.0029656850 * X1)) + (0.2913901210 * X1)) + ((((((-0.0589321814) * X1) * (0.7282894254 * X1)) * (1.3827095032 * X1)) + (2.5995450020 * X1)) * (exp(((-0.2703327835) * X2)) + ((-0.0220402367) * X2))))
6;nan;(((-0.2102759331) * X1) * (log(abs(((-0.0001272811) * X1))) + (0.9936052561 * X2)))
16;nan;((((2.9165413380 * X1) * (0.6567353606 ^ (0.8876922131 * X2))) * ((((-0.0291151255) * X1) * (0.7341285944 * X1)) + (exp((0.0031153988 * X1)) + (0.0921587422 * X2)))) + 7.2481713295)
20;nan;(7.2360281944 + ((((exp((0.9387038946 * X2)) + ((((-9.6169939041) * X1) + exp((0.2798090875 * X2))) * (0.3296269476 * X1))) * (0.0174106024 * X1)) + (2.7747118473 * X1)) * (exp((0.1344279945 * X2)) + ((-0.3638789058) * X2))))
1;9.357526609204266;8.2046003342
15;inf;(7.2736573219 + (((exp(((-0.2883446515) * X2)) + (((-0.0361415185) * X1) * (exp(((-0.3776287735) * X2)) * (0.5921862125 * X1)))) + ((-0.0023364355) * X2)) * (2.9337403774 * X1)))
19;nan;((((exp((0.9538245797 * X2)) + ((((-8.0582866669) * X1) + (0.7292486429 ^ (0.8685116768 * X2))) * (0.4171480238 * X1))) * (0.0165226385 * X1)) + (2.7860922813 * X1)) * (exp((0.1356204748 * X2)) + ((-0.3667160869) * X2)))
9;inf;(exp((((-0.0240482967) * X1) * (0.8809100389 * X1))) * ((2.9214611053 * X1) * exp(((-0.2826772034) * X2))))
8;nan;(((-0.9227771759) * X1) * (log(abs(((-0.0307196695) * X1))) * (0.7331857085 ^ (0.8876922131 * X2))))
10;nan;((((((-0.0101875374) * X1) * (1.7059481144 * X1)) * (2.4989535809 * X1)) + (2.5985059738 * X1)) * exp(((-0.2629972994) * X2)))
11;inf;((exp((0.0767030045 * X2)) + (((-0.0291151013) * X1) * (0.7341285944 * X1))) * (exp(((-0.3908242583) * X2)) * (0.5921862125 * X1)))
4;inf;((1.9083319902 * X1) * exp(((-0.2518940270) * X2)))
2;inf;exp((0.0155038657 * X1))
16;nan;(((exp(exp((0.0728134066 * X2))) + (((-0.0498849787) * X1) * (1.1590952873 * X1))) * ((1.0815296173 * X1) * (exp(((-0.3638479710) * X2)) + ((-0.0032584849) * X2)))) + 7.2731070518)
12;inf;(((2.8319392204 * X1) * exp(((-0.3875048161) * X2))) * ((((-0.0280077234) * X1) * (0.7694339752 * X1)) + (0.9723880291 + (0.1232621670 * X2))))
7;nan;(log(abs(((-0.0227360390) * X1))) * (((-0.7885872126) * X1) * exp(((-0.2606271207) * X2))))
18;nan;((((exp((0.9411455393 * X2)) + ((((-10.1975049973) * X1) + exp(((-0.0050863535) * X1))) * (0.3229115605 * X1))) * (0.0172915235 * X1)) + (2.7825548649 * X1)) * (exp((0.1353840828 * X2)) + ((-0.3660041988) * X2)))
14;inf;((((2.8292748928 * X1) * exp(((-0.3773337901) * X2))) * ((((-0.0300624706) * X1) * (0.7341285944 * X1)) + (1.0307340622 + (0.0958823487 * X2)))) + 7.2481713295)
6;nan;(((-0.2131467164) * X1) * (log(abs(((-0.0001422866) * X1))) + (0.9769214392 * X2)))
17;nan;((6.2136740685 + exp((0.1195103377 * X1))) + ((((((-0.0546545275) * X1) * (0.7282894254 * X1)) * (1.3827095032 * X1)) + (2.7065141201 * X1)) * (exp(((-0.2616439462) * X2)) + ((-0.0125203775) * X2))))
20;nan;(7.2488627434 + ((((exp((0.9512109160 * X2)) + ((((-28.1198101044) * X1) + exp((0.4811296165 * X2))) * (0.1186211929 * X1))) * (0.0166153461 * X1)) + (2.7856662273 * X1)) * (exp((0.1355149746 * X2)) + ((-0.3664209843) * X2))))
1;9.719709325681134;8.3771877289
16;nan;((7.2721009254 + (0.2906152606 * X1)) + (((log(abs(log(abs(((-0.1727031469) * X1))))) * (0.6412659883 * X1)) + (2.3032801151 * X1)) * (exp(((-0.2734089792) * X2)) + ((-0.0220171269) * X2))))
19;nan;(7.2363891602 + ((((exp((0.9514037371 * X2)) + ((((-9.9531908035) * X1) + 0.5634070635) * (0.3341090381 * X1))) * (0.0166978780 * X1)) + (2.7855606079 * X1)) * (exp((0.1356152892 * X2)) + ((-0.3666895628) * X2))))
8;nan;(((-0.9283998013) * X1) * (log(abs(((-0.0307196695) * X1))) * (0.7292486429 ^ (0.8685116768 * X2))))
7;nan;(((-0.9283998013) * X1) * (log(abs((0.0165552683 * X1))) * exp(((-0.2748995125) * X2))))
9;67.28698926023317;(((-0.9283998013) * X1) * (exp((((-0.0300624706) * X1) * (0.7341285944 * X1))) * exp(((-0.2622030973) * X2))))
10;nan;(((((1.1863780022 * X1) * (1.7469799519 * X1)) * ((-0.0209026597) * X1)) + (2.5969493389 * X1)) * exp(((-0.2629912198) * X2)))
2;inf;exp((0.0166948345 * X1))
14;nan;(7.2378172874 + (((2.8292748928 * X1) * exp(((-0.3773337901) * X2))) * ((((-4.4002599716) * X1) * (0.0049544894 * X1)) + (1.0307340622 + (0.0958823487 * X2)))))
11;inf;(((2.7861056328 * X1) * exp(((-0.3740162849) * X2))) * ((((-4.4002599716) * X1) * (0.0049544894 * X1)) + exp((0.0876854956 * X2))))
6;nan;(((-0.2087782323) * X1) * (log(abs((0.0001224670 * X1))) + (0.9950116873 * X2)))
17;inf;((((exp((0.1183807477 * X2)) + ((-0.0707783401) * X2)) + (((-0.0299073402) * X1) * (0.6925110221 * X1))) * ((2.9381353855 * X1) * (exp(((-0.3425145149) * X2)) + ((-0.0047798185) * X2)))) + 7.2732067108)
12;inf;(((-0.0626153946) * X1) * (exp(((-0.3039087951) * X2)) + (((-0.0105114523) * X1) * ((2.0463860035 * X1) * (1.7933894396 ^ ((-0.6168442965) * X2))))))
4;inf;((1.9101355076 * X1) * exp(((-0.2517644763) * X2)))
18;nan;((((exp((0.9545415640 * X2)) + ((((-8.9077968597) * X1) + exp(((-0.2718899846) * X2))) * (0.3790642023 * X1))) * (0.0164508503 * X1)) + (2.7862999439 * X1)) * (exp((0.1356069744 * X2)) + ((-0.3666882515) * X2)))
20;nan;(7.2380619049 + ((((exp((0.9543550014 * X2)) + ((((-11.3308286667) * X1) + exp(((-0.0038130160) * X1))) * (0.3028599918 * X1))) * (0.0161634404 * X1)) + (2.7846758366 * X1)) * (exp((0.1352599263 * X2)) + ((-0.3657699823) * X2))))
2;47.805952672366246;exp(((-0.0307196695) * X1))
18;nan;((((exp((0.9545415640 * X2)) + ((((-8.9077968597) * X1) + exp(((-0.2751986980) * X2))) * (0.3790642023 * X1))) * (0.0164508503 * X1)) + (2.7862999439 * X1)) * (exp((0.1356069744 * X2)) + ((-0.3666882515) * X2)))
19;nan;((((exp((0.9538245797 * X2)) + ((((-8.9077968597) * X1) + (1.6349517107 ^ ((-0.5607457757) * X2))) * (0.3790642023 * X1))) * (0.0164508503 * X1)) + (2.7859561443 * X1)) * (exp((0.1355414540 * X2)) + ((-0.3665064871) * X2)))
7;nan;(log(abs(((-0.0188460536) * X1))) * (((-0.7352775931) * X1) * exp(((-0.2601442337) * X2))))
6;nan;((log(abs(((-0.0001157929) * X1))) + (1.0024610758 * X2)) * ((-0.2072973847) * X1))
8;nan;(((-0.9283998013) * X1) * (log(abs(((-0.0307196695) * X1))) * (0.7330903411 ^ (0.8880243897 * X2))))
9;inf;(exp((((-0.0233585816) * X1) * (1.0505617857 * X1))) * ((2.1372265816 * X1) * exp(((-0.2405882031) * X2))))
14;nan;((0.2933468819 * X1) + ((((((-0.0589013658) * X1) * (0.7282894254 * X1)) * (1.3827095032 * X1)) + (2.6010987759 * X1)) * (exp(((-0.3033444881) * X2)) + ((-0.0223271735) * X2))))
12;inf;(((2.9532778263 * X1) * exp(((-0.3937690556) * X2))) * ((((-0.0240674708) * X1) * (0.8581941128 * X1)) + (0.9284918308 + (0.1271892637 * X2))))
10;inf;(((0.3226968646 * X1) * exp(((-0.2629838288) * X2))) * ((((-4.4002599716) * X1) * (0.0303460620 * X1)) + 8.0377616882))
4;inf;((1.8678754568 * X1) * exp(((-0.2405882031) * X2)))
16;47.388517290464975;sqrt(sqrt(exp(((0.0087775951 * X1) * (((0.0079055270 * X1) * ((((-2.7327327728) * X1) + (0.2609191537 * X2)) * exp(((-0.3941689134) * X2)))) + exp(((-0.3039087951) * X2)))))))
11;nan;((1.1256440878 ^ ((-2.3221652508) * X2)) * (((((-0.0505417101) * X1) * (0.7306964993 * X1)) * (1.3708856106 * X1)) + (2.8284614086 * X1)))
20;nan;(7.2377386093 + ((((exp((0.9534175396 * X2)) + ((((-12.7142457962) * X1) + exp(((-0.2863205671) * X1))) * (0.2706352770 * X1))) * (0.0161185618 * X1)) + (2.7839138508 * X1)) * (exp((0.1351264417 * X2)) + ((-0.3654118776) * X2))))
2;48.53590804336832;exp(((-0.1137792394) * X1))
